#
# TABLE STRUCTURE FOR: book
#

DROP TABLE IF EXISTS `book`;

CREATE TABLE `book` (
  `ID` int(11) NOT NULL AUTO_INCREMENT,
  `name` text NOT NULL,
  `description` text NOT NULL,
  `author` text NOT NULL,
  PRIMARY KEY (`ID`)
) ENGINE=InnoDB AUTO_INCREMENT=101 DEFAULT CHARSET=latin1;

INSERT INTO `book` (`ID`, `name`, `description`, `author`) VALUES (1, 'tenetur', 'Impedit repellat asperiores et quisquam nihil. Est dolore illo est unde hic. Maiores debitis voluptates expedita. Odio architecto recusandae velit harum ea tempore.', 'Kylee Blick DDS');
INSERT INTO `book` (`ID`, `name`, `description`, `author`) VALUES (2, 'adipisci', 'Temporibus tempora reprehenderit praesentium debitis ut earum et. Dolorem facilis dolor et vero. Maxime in optio quas corrupti illum quasi. Ea error rerum fugiat.', 'Khalid Mitchell');
INSERT INTO `book` (`ID`, `name`, `description`, `author`) VALUES (3, 'doloribus', 'Consectetur molestias quasi aliquam qui quisquam voluptatem. Tenetur ipsam sit blanditiis nesciunt. Nisi illum quos exercitationem quis ut repudiandae commodi culpa.', 'Lewis Heathcote');
INSERT INTO `book` (`ID`, `name`, `description`, `author`) VALUES (4, 'quasi', 'Ea in praesentium ut natus ut. Sapiente quia ea consequatur ut et facere. Eos hic ducimus aspernatur asperiores nam quia similique voluptatem. Qui sed voluptatibus inventore in earum sit officia.', 'Isadore Denesik');
INSERT INTO `book` (`ID`, `name`, `description`, `author`) VALUES (5, 'et', 'Nihil dolor rerum quas odit et ducimus doloremque. Eaque aut voluptatem autem in praesentium.', 'Benjamin Anderson');
INSERT INTO `book` (`ID`, `name`, `description`, `author`) VALUES (6, 'occaecati', 'Eum corporis dolorum voluptatibus vel molestiae quod. Ipsum suscipit quos ea ullam et. In est unde officiis velit.', 'Arturo Feest');
INSERT INTO `book` (`ID`, `name`, `description`, `author`) VALUES (7, 'deserunt', 'Cupiditate sequi qui molestias sit. Dicta quas inventore quisquam magni. Doloremque et ut aliquam qui aut rerum est.', 'April Schuster');
INSERT INTO `book` (`ID`, `name`, `description`, `author`) VALUES (8, 'voluptatem', 'Harum enim ipsa libero qui explicabo in atque. Et culpa natus ipsum.', 'Holden Schmidt');
INSERT INTO `book` (`ID`, `name`, `description`, `author`) VALUES (9, 'et', 'Et esse amet nemo esse. Velit sunt iusto voluptates aliquid sequi. Nisi ex officia in.', 'Chanelle Gusikowski');
INSERT INTO `book` (`ID`, `name`, `description`, `author`) VALUES (10, 'voluptatem', 'Numquam sed quas dicta reprehenderit hic tempora placeat praesentium. Consectetur natus quasi harum. A harum ut natus eos veritatis.', 'Keara Robel PhD');
INSERT INTO `book` (`ID`, `name`, `description`, `author`) VALUES (11, 'nihil', 'Distinctio maiores quas non fuga et. Aut fuga et inventore libero similique animi nemo. Beatae modi odit molestias perferendis. Dicta eius delectus libero.', 'Chloe Gusikowski');
INSERT INTO `book` (`ID`, `name`, `description`, `author`) VALUES (12, 'ut', 'Sapiente ut voluptates eos ullam reiciendis beatae tempore. Modi omnis ut odit facilis cumque. Repellat eum labore vel autem.', 'Alberto Batz');
INSERT INTO `book` (`ID`, `name`, `description`, `author`) VALUES (13, 'est', 'Hic qui voluptas voluptas. Veniam reprehenderit veritatis molestiae consequatur incidunt iure. Quos qui fugiat atque.', 'Bella Franecki');
INSERT INTO `book` (`ID`, `name`, `description`, `author`) VALUES (14, 'odit', 'Aut totam fugiat recusandae quo. Dolorum suscipit quos sapiente.', 'Dr. Stone Emard DDS');
INSERT INTO `book` (`ID`, `name`, `description`, `author`) VALUES (15, 'quia', 'Nemo repellendus omnis nesciunt ut et ut aut. Dolorem itaque deserunt doloremque a. Optio exercitationem eum eius est perferendis. Beatae magnam mollitia ut qui.', 'Ilene Simonis');
INSERT INTO `book` (`ID`, `name`, `description`, `author`) VALUES (16, 'voluptatem', 'Animi ut corporis nisi quia reprehenderit labore voluptates. Odit officia rerum alias accusamus assumenda consectetur. Dignissimos error repellat a esse. Consequuntur eligendi voluptas praesentium nostrum ut accusantium veniam.', 'Mr. Eloy Davis V');
INSERT INTO `book` (`ID`, `name`, `description`, `author`) VALUES (17, 'consectetur', 'Ducimus non et cum dolore nostrum et vitae dolore. Facere voluptatem iusto est nihil enim.', 'Ephraim Balistreri Jr.');
INSERT INTO `book` (`ID`, `name`, `description`, `author`) VALUES (18, 'quam', 'Architecto at aut eius. Rerum vel assumenda quidem deleniti. Illo facilis ad hic ipsum dolores.', 'Prof. Daphnee Quitzon PhD');
INSERT INTO `book` (`ID`, `name`, `description`, `author`) VALUES (19, 'quia', 'Et eos ut voluptatum voluptatem earum. Dignissimos enim sed aut blanditiis harum eligendi eum. Nulla eius a dolor natus ea provident pariatur sequi.', 'Adele Walker');
INSERT INTO `book` (`ID`, `name`, `description`, `author`) VALUES (20, 'eligendi', 'Quaerat commodi consequatur est aut aut magni velit. Quos recusandae aut eius veritatis id ut possimus. Dolorem eos tempore in eaque autem delectus.', 'Jaylin Brakus');
INSERT INTO `book` (`ID`, `name`, `description`, `author`) VALUES (21, 'quidem', 'Quia adipisci quis voluptatum sapiente alias. Et ipsum officiis quis totam ut. Ratione quisquam earum sit veniam accusantium debitis dolores. Eaque corrupti esse corporis voluptates corporis.', 'Lavada Schowalter');
INSERT INTO `book` (`ID`, `name`, `description`, `author`) VALUES (22, 'blanditiis', 'Ea et quo aut incidunt. Nisi esse odit neque et odio soluta temporibus. Nihil omnis ea eos voluptates illo.', 'Malvina McKenzie');
INSERT INTO `book` (`ID`, `name`, `description`, `author`) VALUES (23, 'perferendis', 'Culpa voluptas inventore laudantium rerum molestiae magni ipsa nemo. Odio id expedita illo voluptas sed. Sit et sed repudiandae eveniet reiciendis voluptatum impedit. Sint sapiente sed repudiandae amet at non sapiente.', 'Yessenia Koch Sr.');
INSERT INTO `book` (`ID`, `name`, `description`, `author`) VALUES (24, 'rem', 'Nobis accusantium omnis laboriosam. Voluptatum enim officia sit alias ut. Optio laboriosam ut sint quam omnis.', 'Dr. Nona Hauck');
INSERT INTO `book` (`ID`, `name`, `description`, `author`) VALUES (25, 'sit', 'Asperiores quis ratione itaque qui vero officiis omnis. In et illo qui omnis ut. Unde eos ratione in inventore ut quod corporis. Facilis nam veritatis quia sint.', 'Earlene O\'Kon');
INSERT INTO `book` (`ID`, `name`, `description`, `author`) VALUES (26, 'et', 'Numquam inventore fugit deleniti iusto reiciendis architecto. Harum qui officiis perferendis. Quaerat dolor consequuntur ut labore. Iure odio nesciunt harum ut.', 'Alexane Orn');
INSERT INTO `book` (`ID`, `name`, `description`, `author`) VALUES (27, 'recusandae', 'Earum dolores recusandae atque tenetur amet aliquid sed. Tempore nihil ipsa quo dolores quis ut.', 'Jacynthe Frami');
INSERT INTO `book` (`ID`, `name`, `description`, `author`) VALUES (28, 'impedit', 'Et sequi et rerum alias odio. Quis totam est omnis et. Placeat fugiat ut officiis architecto itaque. Molestiae ullam in aut dolor incidunt.', 'Prof. Burnice Bergnaum DVM');
INSERT INTO `book` (`ID`, `name`, `description`, `author`) VALUES (29, 'voluptatem', 'Temporibus voluptas velit maxime quo magnam nulla eum. Deleniti ab voluptatem repellendus repudiandae fuga nulla doloremque fuga. Omnis et veniam numquam qui. Ipsa aliquid vel dolore libero temporibus consequatur. Unde temporibus facere quidem sit laboriosam aliquam.', 'Vita Murray');
INSERT INTO `book` (`ID`, `name`, `description`, `author`) VALUES (30, 'perferendis', 'Qui aut necessitatibus reiciendis odio. Consequatur consectetur vel nobis consequatur voluptates. Est quae qui modi corporis praesentium consectetur aut atque. Consectetur et repellendus consequatur animi.', 'Dr. Coty Rice');
INSERT INTO `book` (`ID`, `name`, `description`, `author`) VALUES (31, 'voluptate', 'Eligendi debitis et tenetur consequuntur occaecati. Temporibus quae et nam maxime velit. Fugit ut eum harum molestias.', 'Mrs. Bethany Price');
INSERT INTO `book` (`ID`, `name`, `description`, `author`) VALUES (32, 'et', 'Necessitatibus ducimus eveniet dolores et et nisi. Assumenda dolores dolores dolore maiores commodi.', 'Noemi Schroeder');
INSERT INTO `book` (`ID`, `name`, `description`, `author`) VALUES (33, 'in', 'Nobis est placeat incidunt ea eaque fugiat. Est impedit nam quis. Velit commodi consequatur ipsam id quae deserunt consequatur.', 'Ms. Emilie Goyette');
INSERT INTO `book` (`ID`, `name`, `description`, `author`) VALUES (34, 'expedita', 'Aut ut qui consequatur natus asperiores. Molestias enim quia officia eligendi placeat dolorum. Sit accusantium assumenda vitae libero tempore provident quaerat voluptate. Maxime consequuntur est et blanditiis omnis.', 'Dr. Mozelle Moen DDS');
INSERT INTO `book` (`ID`, `name`, `description`, `author`) VALUES (35, 'cupiditate', 'Aut harum sit expedita enim. Est fugit voluptates ut quod. Iure quidem sit iste dolor esse. Sit delectus et laudantium qui ut.', 'Jared Schmidt');
INSERT INTO `book` (`ID`, `name`, `description`, `author`) VALUES (36, 'nihil', 'Hic magnam accusamus repudiandae voluptas rem. Deserunt ducimus officia nam et impedit. Earum aliquam nostrum voluptatem placeat vel modi.', 'Tia O\'Keefe');
INSERT INTO `book` (`ID`, `name`, `description`, `author`) VALUES (37, 'consequatur', 'Eum ea et nemo molestiae reprehenderit aspernatur. Et repellat sapiente aliquam accusantium. Porro culpa minima dolorem quo corrupti.', 'Brenda Farrell');
INSERT INTO `book` (`ID`, `name`, `description`, `author`) VALUES (38, 'amet', 'Et non et blanditiis suscipit itaque. Rerum minus quod quaerat architecto rerum. Repellat vitae occaecati optio molestiae nobis.', 'Anastasia Hand Sr.');
INSERT INTO `book` (`ID`, `name`, `description`, `author`) VALUES (39, 'totam', 'Sed soluta dolor doloremque fuga cupiditate ut numquam et. Id sit rem qui nemo illum quidem. Totam consequuntur officiis libero eveniet commodi iure.', 'Mr. Paxton Wilkinson V');
INSERT INTO `book` (`ID`, `name`, `description`, `author`) VALUES (40, 'ut', 'Reiciendis odit ut enim provident et. Est voluptatem voluptas unde architecto corrupti. Et in enim quae non.', 'Lessie Howell');
INSERT INTO `book` (`ID`, `name`, `description`, `author`) VALUES (41, 'quam', 'Alias ut ut qui unde quo sit fuga aliquam. Repellendus nostrum id laborum odit nisi. Est esse ex beatae quod.', 'Carolanne Carter');
INSERT INTO `book` (`ID`, `name`, `description`, `author`) VALUES (42, 'accusantium', 'Maxime velit non possimus et velit. Accusantium consequatur quidem eaque est dolores et. Aut inventore ut temporibus. Nam et saepe maiores corrupti vero.', 'Lucinda Rolfson');
INSERT INTO `book` (`ID`, `name`, `description`, `author`) VALUES (43, 'reiciendis', 'Voluptatem dolor aliquam eius ut. In eius quod rerum dicta fuga ullam. Veritatis velit debitis ut delectus doloremque. Minima fugiat laborum ipsam doloremque et.', 'Delpha Marks');
INSERT INTO `book` (`ID`, `name`, `description`, `author`) VALUES (44, 'natus', 'Nihil deleniti corrupti odit architecto vel. Enim harum incidunt quis libero. Natus dolore accusamus consequatur debitis.', 'Mrs. Esperanza Tromp Jr.');
INSERT INTO `book` (`ID`, `name`, `description`, `author`) VALUES (45, 'inventore', 'Eos dolorem expedita et nulla ad ipsa. Quaerat impedit eos sapiente voluptate aut laudantium. In ullam modi perspiciatis ut voluptate aut ratione eaque. Enim illo placeat placeat est voluptatem exercitationem.', 'Ms. Orie Lind');
INSERT INTO `book` (`ID`, `name`, `description`, `author`) VALUES (46, 'sint', 'Voluptas nostrum quam non sit perferendis aliquam earum. Cumque sed autem ut molestias natus. Suscipit et iste dolorem.', 'Elva Hane');
INSERT INTO `book` (`ID`, `name`, `description`, `author`) VALUES (47, 'omnis', 'Nemo earum consequatur magni deserunt totam harum fuga. Enim accusantium nobis officia et. Vel est excepturi dignissimos iste expedita.', 'Ms. Rossie Jacobi');
INSERT INTO `book` (`ID`, `name`, `description`, `author`) VALUES (48, 'et', 'Autem est eum dolorem voluptatum consequatur error totam. Sed totam iusto similique alias eum veniam.', 'Ana Kertzmann IV');
INSERT INTO `book` (`ID`, `name`, `description`, `author`) VALUES (49, 'natus', 'Id id vel eum fugiat tenetur et. Ad qui fuga vero praesentium eum voluptatem. Est velit quis quaerat sint assumenda sint. Magni et et quos quos ut veritatis nobis.', 'Sherman Terry');
INSERT INTO `book` (`ID`, `name`, `description`, `author`) VALUES (50, 'sequi', 'Minus praesentium modi sint ut. Quos aliquam rerum veniam eveniet illum. Dignissimos inventore soluta omnis ea incidunt deserunt quam. Eveniet at et quo sed quis sit consequatur rerum.', 'Amir Homenick');
INSERT INTO `book` (`ID`, `name`, `description`, `author`) VALUES (51, 'omnis', 'Consectetur sunt nostrum est quia totam. Dolorem explicabo expedita voluptates sint suscipit perferendis. Maxime beatae quisquam officiis sequi in sit. Modi provident a aspernatur et.', 'Flo Walker Jr.');
INSERT INTO `book` (`ID`, `name`, `description`, `author`) VALUES (52, 'architecto', 'Fugit qui odio eos nemo quia fuga. Minima nemo omnis consequatur qui nobis. Itaque quasi ex aut est ut. Molestiae fuga doloremque doloremque dolor temporibus non ullam natus.', 'Dr. Ernie Goyette Sr.');
INSERT INTO `book` (`ID`, `name`, `description`, `author`) VALUES (53, 'consectetur', 'Error alias atque aut eveniet. Accusamus voluptate esse atque quasi. Nobis exercitationem expedita eum nemo et laboriosam. Quia eum sunt omnis et voluptatem.', 'Orin Jones');
INSERT INTO `book` (`ID`, `name`, `description`, `author`) VALUES (54, 'veritatis', 'Autem architecto vel et eos. Officia et odio perspiciatis quod. Architecto ut quia dicta maiores ullam sapiente. Sit mollitia atque sunt totam accusantium.', 'Lafayette Bruen');
INSERT INTO `book` (`ID`, `name`, `description`, `author`) VALUES (55, 'consectetur', 'Qui vero consequatur sed reiciendis. Impedit tempore doloremque blanditiis et sit.', 'Prof. Garnet Casper Jr.');
INSERT INTO `book` (`ID`, `name`, `description`, `author`) VALUES (56, 'earum', 'Consequatur repellat nihil aut voluptatum et. Reiciendis asperiores mollitia ut et officia. Quo sed minima repudiandae molestiae et. Suscipit error ut enim enim aut deleniti.', 'Prof. Vincenzo Pacocha PhD');
INSERT INTO `book` (`ID`, `name`, `description`, `author`) VALUES (57, 'harum', 'Eum ab eaque tenetur dolores odit deserunt. Nam in ad quis est amet occaecati optio. Sunt autem fugiat nihil corporis necessitatibus occaecati aliquam.', 'Rebecca Schoen');
INSERT INTO `book` (`ID`, `name`, `description`, `author`) VALUES (58, 'delectus', 'Facere eum porro ea distinctio ullam omnis. Nobis qui quo explicabo corrupti doloremque consequatur. Praesentium provident est ad voluptatibus. Quia voluptatum et rerum illum aspernatur expedita vitae.', 'Abbey Gleason IV');
INSERT INTO `book` (`ID`, `name`, `description`, `author`) VALUES (59, 'nemo', 'Provident explicabo sit mollitia. Nihil illum labore qui non repellendus aspernatur quae. Dolor aut molestias consectetur maxime.', 'Alphonso Kuvalis');
INSERT INTO `book` (`ID`, `name`, `description`, `author`) VALUES (60, 'molestiae', 'Sed deserunt excepturi modi nihil. Ullam nisi repellat fugiat iure facere hic. Voluptatibus nesciunt dolore quia similique eos. Dolore debitis nemo officia nostrum illum error.', 'Prof. Murphy Nienow');
INSERT INTO `book` (`ID`, `name`, `description`, `author`) VALUES (61, 'id', 'Asperiores omnis voluptatem modi minus explicabo. Ut ea aliquid ex quis ut eius. Vel tempora aspernatur blanditiis nihil enim voluptatum qui. Nihil officia omnis nemo est quo.', 'Isabelle Brakus DVM');
INSERT INTO `book` (`ID`, `name`, `description`, `author`) VALUES (62, 'ipsa', 'Provident voluptatem molestias illo quos numquam. Qui aperiam aut doloremque consequatur qui voluptatem sunt. Qui distinctio est amet corrupti ab numquam. Repellat culpa quis quam velit.', 'Mrs. Marcia Bashirian');
INSERT INTO `book` (`ID`, `name`, `description`, `author`) VALUES (63, 'vel', 'Iure voluptas saepe adipisci nam aut excepturi atque. Quia aperiam vero quas eos labore voluptatem. Tenetur alias odit quia asperiores.', 'Prof. Arnoldo Herman');
INSERT INTO `book` (`ID`, `name`, `description`, `author`) VALUES (64, 'soluta', 'Repellat qui modi rerum itaque consequatur omnis. Voluptatum totam a et vero consectetur. Ut nihil vero dolorem quasi sequi voluptatibus.', 'Ronny Hackett');
INSERT INTO `book` (`ID`, `name`, `description`, `author`) VALUES (65, 'aut', 'Voluptates nesciunt veniam sunt repellat dolores laborum. Voluptatem assumenda quod voluptas nihil dicta. Id suscipit beatae sed repudiandae temporibus est.', 'Annie Barton MD');
INSERT INTO `book` (`ID`, `name`, `description`, `author`) VALUES (66, 'optio', 'Eos aut reprehenderit nisi reprehenderit nemo eos quis. Omnis qui hic hic dolor. Explicabo tempore eius vero optio aut consequatur ut ab.', 'Dr. Meda O\'Keefe I');
INSERT INTO `book` (`ID`, `name`, `description`, `author`) VALUES (67, 'impedit', 'Voluptas est dolor optio nobis provident autem voluptate. Perferendis nam omnis voluptatibus et. Et error quae sunt quidem eius tempore deleniti.', 'Mr. Stewart Skiles');
INSERT INTO `book` (`ID`, `name`, `description`, `author`) VALUES (68, 'delectus', 'Id ut qui eos nobis necessitatibus. Fuga quia dicta voluptatem laudantium ut qui. Et sed vel velit aut. Et enim et laboriosam et.', 'Miss Leonora Quitzon');
INSERT INTO `book` (`ID`, `name`, `description`, `author`) VALUES (69, 'atque', 'Incidunt laboriosam ut culpa itaque blanditiis et. Sint repellat tempora atque id ad rerum. Illum nihil aut in nulla odio atque.', 'Marcellus Koelpin PhD');
INSERT INTO `book` (`ID`, `name`, `description`, `author`) VALUES (70, 'eum', 'Ullam aut optio et mollitia iusto aut. Excepturi delectus non sit quos ullam. Commodi libero ipsam debitis molestiae ratione necessitatibus at. Illo eligendi possimus quidem dolore et.', 'Mr. Alexzander Towne II');
INSERT INTO `book` (`ID`, `name`, `description`, `author`) VALUES (71, 'deleniti', 'Minima temporibus non similique. In eveniet aut et est accusamus. Sit molestiae quam quia et quam.', 'Antonietta Jacobs');
INSERT INTO `book` (`ID`, `name`, `description`, `author`) VALUES (72, 'cum', 'Delectus autem accusantium quis quaerat harum et. Commodi occaecati dolores dicta quidem ut quos aliquid quis. Dolor ipsum voluptatem dolores dolorum et sunt.', 'Jaden Jakubowski');
INSERT INTO `book` (`ID`, `name`, `description`, `author`) VALUES (73, 'fuga', 'Quos vero et eius vitae aut. Nihil alias est eos nulla quis esse et. Ad magni aut delectus vel. Pariatur minima ut ut rerum. Autem voluptatum rerum itaque.', 'Tyra Hansen');
INSERT INTO `book` (`ID`, `name`, `description`, `author`) VALUES (74, 'adipisci', 'Molestiae enim in est nemo molestias accusamus nemo enim. Molestiae dolorem eos quis saepe sit. Omnis dolores saepe fugit officia est quis eos. Soluta et sunt qui incidunt enim vel voluptas.', 'Braden Marquardt');
INSERT INTO `book` (`ID`, `name`, `description`, `author`) VALUES (75, 'itaque', 'Tenetur doloremque aut voluptates ipsa ut repellat cumque. Voluptatem velit est qui doloremque ad esse.', 'Dr. Alphonso Johnson IV');
INSERT INTO `book` (`ID`, `name`, `description`, `author`) VALUES (76, 'est', 'Nam sed id perspiciatis eum. Quaerat cum non qui quae accusamus. Sunt culpa adipisci animi nesciunt maxime omnis.', 'Sylvan Olson');
INSERT INTO `book` (`ID`, `name`, `description`, `author`) VALUES (77, 'accusamus', 'Quia qui labore eos modi assumenda sunt maxime sit. Amet nihil omnis autem quo. Numquam aut dolores ea dolores iure eum repellendus. Dolores perferendis dolorum magni ipsam dolores.', 'Ms. Jacynthe Hackett MD');
INSERT INTO `book` (`ID`, `name`, `description`, `author`) VALUES (78, 'hic', 'Et provident optio enim natus totam illo dignissimos. Laudantium ex autem ipsam voluptatibus praesentium veritatis blanditiis aut. Sed ut non et maiores fuga.', 'Dr. Sasha Wolf');
INSERT INTO `book` (`ID`, `name`, `description`, `author`) VALUES (79, 'voluptas', 'Ab ducimus et recusandae enim dicta quas. Ipsum earum in voluptates nam natus aliquid. Hic facilis est rerum quia accusantium veniam sit reiciendis. Natus est in id sed asperiores officiis nobis.', 'Miss Agustina Marks');
INSERT INTO `book` (`ID`, `name`, `description`, `author`) VALUES (80, 'aut', 'Nihil architecto rerum totam quae. Dolorem qui hic error ducimus ut consectetur. Perferendis tenetur et consequuntur atque in labore.', 'Miss Monique Auer V');
INSERT INTO `book` (`ID`, `name`, `description`, `author`) VALUES (81, 'quasi', 'Illum qui ipsa aliquam. Eius nemo aliquid sint corrupti non et nihil. Et numquam quidem rem aspernatur et sint et. Eos eum incidunt est doloremque.', 'Rylee Lesch V');
INSERT INTO `book` (`ID`, `name`, `description`, `author`) VALUES (82, 'nobis', 'Id quae quibusdam nostrum et consequatur tenetur. Sit quidem aut et deleniti sunt. In ad sed temporibus.', 'Reyna Goldner');
INSERT INTO `book` (`ID`, `name`, `description`, `author`) VALUES (83, 'optio', 'Vero architecto quia voluptatem aut ullam. Temporibus blanditiis corrupti quis ut.', 'Osborne Turcotte');
INSERT INTO `book` (`ID`, `name`, `description`, `author`) VALUES (84, 'in', 'Mollitia enim consequatur voluptate culpa voluptatum sit. Explicabo odio praesentium dolore aut repellendus. Quibusdam labore dolores dolorem voluptatum non. Ipsam necessitatibus et inventore. Dolores culpa dignissimos nemo veniam quidem molestiae.', 'Leonor Jenkins');
INSERT INTO `book` (`ID`, `name`, `description`, `author`) VALUES (85, 'veniam', 'Quibusdam quod consequuntur repellendus similique est commodi ut. Ut ex optio et impedit et. Nihil molestiae ea beatae deserunt. Possimus error repellat eaque velit.', 'Emmy Emard');
INSERT INTO `book` (`ID`, `name`, `description`, `author`) VALUES (86, 'fuga', 'Et sed et magnam dicta. Voluptatibus autem et vel ut.', 'Dahlia Becker');
INSERT INTO `book` (`ID`, `name`, `description`, `author`) VALUES (87, 'vitae', 'Voluptatibus qui nam est dolorem fugit consequatur sed. Accusantium incidunt consequatur dolores dolores. Voluptatem quia fugit dolorem vero. Consequuntur consequuntur iusto laudantium doloremque harum. Ut officia a exercitationem adipisci.', 'Mr. Nick Keeling');
INSERT INTO `book` (`ID`, `name`, `description`, `author`) VALUES (88, 'aut', 'Aut distinctio facilis dolorem beatae ipsa et. Soluta voluptas eum aut error. Repellendus laborum est libero.', 'Damon Lesch');
INSERT INTO `book` (`ID`, `name`, `description`, `author`) VALUES (89, 'totam', 'Molestiae autem eveniet vitae deserunt. Corporis non facere aut ducimus aut quam id. Repellendus vel aut placeat. Consequuntur eveniet suscipit omnis distinctio eligendi a deleniti.', 'Yasmine Quitzon');
INSERT INTO `book` (`ID`, `name`, `description`, `author`) VALUES (90, 'sapiente', 'Sint voluptatum beatae vitae aut possimus. Voluptate aspernatur modi maxime non necessitatibus qui aliquid atque. Soluta corrupti nisi doloremque minima veritatis a. Sequi occaecati amet non et qui est.', 'Lisette Lesch');
INSERT INTO `book` (`ID`, `name`, `description`, `author`) VALUES (91, 'architecto', 'Quos molestias enim velit impedit et velit expedita. Error et et quia quibusdam voluptas voluptatem cum. Fugit similique mollitia quod excepturi.', 'Angel Konopelski');
INSERT INTO `book` (`ID`, `name`, `description`, `author`) VALUES (92, 'sint', 'Molestiae laudantium doloribus iure ratione magni tenetur veniam. Ullam et ea omnis ut natus. Nostrum ut non rem et. Nisi porro quas enim odio.', 'Everardo Cassin');
INSERT INTO `book` (`ID`, `name`, `description`, `author`) VALUES (93, 'esse', 'Eaque pariatur ex excepturi cupiditate eaque et laudantium. In autem unde odit ut nisi. Dolorum qui iusto vel reprehenderit. Non quas et qui et perspiciatis. Est maiores distinctio id.', 'Dr. Gilberto Feest');
INSERT INTO `book` (`ID`, `name`, `description`, `author`) VALUES (94, 'corporis', 'Asperiores id necessitatibus at excepturi enim nam. Odit quia tempora eveniet sequi eos quam. Animi eaque est beatae atque explicabo iusto voluptatem hic.', 'Maud Steuber MD');
INSERT INTO `book` (`ID`, `name`, `description`, `author`) VALUES (95, 'dignissimos', 'Quia tempore est at cum error provident. Et laboriosam animi et. Vero autem recusandae et et. Vel est earum reiciendis nemo nihil quia sit.', 'Nakia Johns');
INSERT INTO `book` (`ID`, `name`, `description`, `author`) VALUES (96, 'praesentium', 'Nemo enim vero iure iure. Fugit dolorum et eum.', 'Prof. Adolphus Cassin');
INSERT INTO `book` (`ID`, `name`, `description`, `author`) VALUES (97, 'iure', 'Et dolorum eum necessitatibus libero ut sed quo. Provident error eum deserunt est suscipit mollitia distinctio. Similique soluta eius architecto non sed magnam. Quisquam blanditiis dolores eos nobis ut doloribus minima.', 'Eudora Lang');
INSERT INTO `book` (`ID`, `name`, `description`, `author`) VALUES (98, 'sapiente', 'Sapiente quibusdam voluptatum minima vel. Eum consequatur sed aut ea aut optio. Id perspiciatis est qui laborum aut libero quia.', 'Holly Shanahan');
INSERT INTO `book` (`ID`, `name`, `description`, `author`) VALUES (99, 'necessitatibus', 'Consectetur ut molestiae delectus delectus. Et distinctio aut corporis.', 'Frida Block DDS');
INSERT INTO `book` (`ID`, `name`, `description`, `author`) VALUES (100, 'labore', 'Sed aliquam rerum vitae quia perspiciatis asperiores. Vitae et cupiditate animi cupiditate. Aut laudantium ipsam consequuntur alias harum veritatis minus.', 'Edna Langosh');


#
# TABLE STRUCTURE FOR: review
#

DROP TABLE IF EXISTS `review`;

CREATE TABLE `review` (
  `ID` int(11) NOT NULL AUTO_INCREMENT,
  `rating` tinyint(4) NOT NULL,
  `description` text NOT NULL,
  `user_id` int(11) NOT NULL,
  `book_id` int(11) NOT NULL,
  `transaction_id` int(11) NOT NULL,
  PRIMARY KEY (`ID`),
  KEY `point_to_book` (`book_id`),
  KEY `point_to_user` (`user_id`),
  KEY `point_to_transaction` (`transaction_id`),
  CONSTRAINT `point_to_book` FOREIGN KEY (`book_id`) REFERENCES `book` (`ID`) ON DELETE CASCADE ON UPDATE CASCADE,
  CONSTRAINT `point_to_transaction` FOREIGN KEY (`transaction_id`) REFERENCES `transaction` (`ID`) ON DELETE CASCADE ON UPDATE CASCADE,
  CONSTRAINT `point_to_user` FOREIGN KEY (`user_id`) REFERENCES `user` (`ID`) ON DELETE CASCADE ON UPDATE CASCADE
) ENGINE=InnoDB AUTO_INCREMENT=151 DEFAULT CHARSET=latin1;

INSERT INTO `review` (`ID`, `rating`, `description`, `user_id`, `book_id`, `transaction_id`) VALUES (1, 5, 'Autem corporis consequatur corporis neque. Dolorem sed aut aut consectetur debitis officia. Blanditiis maxime autem voluptas rem et qui quia. Eveniet eligendi nobis aspernatur animi distinctio.', 1, 1, 1);
INSERT INTO `review` (`ID`, `rating`, `description`, `user_id`, `book_id`, `transaction_id`) VALUES (2, 4, 'Earum consectetur tenetur qui quia est eius exercitationem aut. Illo nulla officia eos nostrum. Quae quos deleniti libero similique libero.', 2, 2, 2);
INSERT INTO `review` (`ID`, `rating`, `description`, `user_id`, `book_id`, `transaction_id`) VALUES (3, 3, 'Consequatur ut qui rerum nam deleniti accusamus. Exercitationem quia dolorem dolorem et aut voluptatem. Non voluptatem veritatis ut. Cum omnis officia eos sint accusamus.', 3, 3, 3);
INSERT INTO `review` (`ID`, `rating`, `description`, `user_id`, `book_id`, `transaction_id`) VALUES (4, 4, 'Sunt excepturi pariatur soluta tenetur sit earum deserunt et. Natus voluptatem aut possimus perferendis cumque voluptatem. Minima ipsa accusantium ullam dolorum voluptas aspernatur quia. Voluptatem molestias at aut quas.', 4, 4, 4);
INSERT INTO `review` (`ID`, `rating`, `description`, `user_id`, `book_id`, `transaction_id`) VALUES (5, 2, 'Velit quia in nemo occaecati magnam. Dignissimos nisi ullam deserunt sit est voluptas et. Fugit aut et voluptatem culpa in. Quod ut est est quo.', 5, 5, 5);
INSERT INTO `review` (`ID`, `rating`, `description`, `user_id`, `book_id`, `transaction_id`) VALUES (6, 5, 'Enim provident perferendis ut odit voluptatibus quo consequatur. Beatae qui ipsa doloremque quibusdam nesciunt veniam. Quos veritatis rem rerum eius.', 6, 6, 6);
INSERT INTO `review` (`ID`, `rating`, `description`, `user_id`, `book_id`, `transaction_id`) VALUES (7, 2, 'Voluptates vero blanditiis est. Aut qui mollitia ipsa eius ducimus vel. Nisi numquam fugit iste ducimus.', 7, 7, 7);
INSERT INTO `review` (`ID`, `rating`, `description`, `user_id`, `book_id`, `transaction_id`) VALUES (8, 1, 'Nihil unde incidunt consequatur culpa voluptatem nihil. Mollitia sed reprehenderit quae libero porro rerum. Et tenetur ipsa sed laudantium velit consequuntur. Placeat ut nam et repellendus autem.', 8, 8, 8);
INSERT INTO `review` (`ID`, `rating`, `description`, `user_id`, `book_id`, `transaction_id`) VALUES (9, 1, 'Sed quo accusamus autem sapiente. Eius et repellat facere voluptatem unde. Ipsum ea praesentium qui et minus minima. Autem quis impedit suscipit qui deserunt.', 9, 9, 9);
INSERT INTO `review` (`ID`, `rating`, `description`, `user_id`, `book_id`, `transaction_id`) VALUES (10, 5, 'Dolores illo rerum reiciendis voluptatibus. Ut eos molestiae provident sit. Quaerat voluptatem enim animi quas nihil.', 10, 10, 10);
INSERT INTO `review` (`ID`, `rating`, `description`, `user_id`, `book_id`, `transaction_id`) VALUES (11, 4, 'Iure aut esse tempora assumenda. Accusantium sint tenetur et non neque veniam. Consequatur doloribus facere necessitatibus assumenda ipsa.', 11, 11, 11);
INSERT INTO `review` (`ID`, `rating`, `description`, `user_id`, `book_id`, `transaction_id`) VALUES (12, 5, 'Aut asperiores autem inventore aspernatur repellat omnis. Voluptas reiciendis aut quisquam nihil vel. Veritatis unde ratione tempore qui itaque eos asperiores. Vitae reiciendis ipsum accusantium perspiciatis ratione iste vel. Et unde non illo consequuntur ipsa.', 12, 12, 12);
INSERT INTO `review` (`ID`, `rating`, `description`, `user_id`, `book_id`, `transaction_id`) VALUES (13, 3, 'Cumque occaecati facilis dolor fuga nobis consequatur vel. Facilis perspiciatis fugit delectus iure. Optio deserunt qui voluptate consequatur expedita quae et ducimus.', 13, 13, 13);
INSERT INTO `review` (`ID`, `rating`, `description`, `user_id`, `book_id`, `transaction_id`) VALUES (14, 5, 'Facere molestiae molestiae unde qui. Impedit iure eius autem id. Repudiandae impedit suscipit fugiat repellendus quis officiis. Alias sint et repellendus consequatur.', 14, 14, 14);
INSERT INTO `review` (`ID`, `rating`, `description`, `user_id`, `book_id`, `transaction_id`) VALUES (15, 5, 'Nostrum inventore maxime sit pariatur consequatur. Sint accusamus blanditiis ullam corrupti. Illo rerum molestias quia eum quidem. Facere doloribus vel molestiae in.', 15, 15, 15);
INSERT INTO `review` (`ID`, `rating`, `description`, `user_id`, `book_id`, `transaction_id`) VALUES (16, 1, 'Temporibus at error eos excepturi et molestias exercitationem. Debitis consequatur totam doloribus saepe error ratione accusantium. Aut voluptas voluptatem libero est expedita est.', 16, 16, 16);
INSERT INTO `review` (`ID`, `rating`, `description`, `user_id`, `book_id`, `transaction_id`) VALUES (17, 1, 'Praesentium aut necessitatibus commodi hic facere. Quia facere eum aspernatur modi aliquid facilis nostrum. Dolorem nostrum corporis tempore debitis voluptates debitis.', 17, 17, 17);
INSERT INTO `review` (`ID`, `rating`, `description`, `user_id`, `book_id`, `transaction_id`) VALUES (18, 1, 'Numquam rerum illo numquam voluptatem deleniti qui. Minima omnis enim labore ut alias nulla. Quae quasi quisquam atque iure dolor optio. Voluptas minima debitis vitae non ut.', 18, 18, 18);
INSERT INTO `review` (`ID`, `rating`, `description`, `user_id`, `book_id`, `transaction_id`) VALUES (19, 3, 'Ut in voluptatibus et consequatur hic. Architecto quidem hic eveniet omnis cumque. Ullam porro id error hic quo. Ipsa non quidem corporis iure sunt sint dolor. Incidunt est iure sapiente.', 19, 19, 19);
INSERT INTO `review` (`ID`, `rating`, `description`, `user_id`, `book_id`, `transaction_id`) VALUES (20, 4, 'Non illum velit laudantium harum voluptate odit. Eum rerum aut harum distinctio. Animi doloribus rerum omnis provident perferendis odit aut.', 20, 20, 20);
INSERT INTO `review` (`ID`, `rating`, `description`, `user_id`, `book_id`, `transaction_id`) VALUES (21, 2, 'Qui est minima earum sint harum quam rerum rerum. Voluptatem a quo ut optio aliquam reprehenderit temporibus. Ut beatae nemo harum et sed rem repellendus. Esse laboriosam ut officiis eum eius omnis perferendis ut.', 21, 21, 21);
INSERT INTO `review` (`ID`, `rating`, `description`, `user_id`, `book_id`, `transaction_id`) VALUES (22, 3, 'Deserunt sunt nam vel perferendis. Fugiat similique sequi ipsam consequatur. Et atque quae a a eligendi qui. Unde error doloribus modi aut totam. Beatae perspiciatis soluta commodi eos maiores voluptas voluptatum accusantium.', 22, 22, 22);
INSERT INTO `review` (`ID`, `rating`, `description`, `user_id`, `book_id`, `transaction_id`) VALUES (23, 5, 'Qui ex natus officia quod consequatur possimus expedita ab. Omnis voluptate quo autem sunt. Quae atque vel nesciunt qui ipsum. Quibusdam reprehenderit quo aut accusantium doloremque quia atque. Qui voluptatem aliquid aut et temporibus.', 23, 23, 23);
INSERT INTO `review` (`ID`, `rating`, `description`, `user_id`, `book_id`, `transaction_id`) VALUES (24, 3, 'Sed perferendis in ex alias cumque. Dignissimos nobis quasi rerum sed possimus libero. Numquam beatae voluptatem dolorum repudiandae inventore quae.', 24, 24, 24);
INSERT INTO `review` (`ID`, `rating`, `description`, `user_id`, `book_id`, `transaction_id`) VALUES (25, 1, 'Vel vel amet consequatur vel et voluptas similique. Eius blanditiis sed harum quod pariatur sit cumque. Error dolorum placeat voluptate dolor.', 25, 25, 25);
INSERT INTO `review` (`ID`, `rating`, `description`, `user_id`, `book_id`, `transaction_id`) VALUES (26, 3, 'Minus in ullam consequuntur commodi. Mollitia qui ipsam eos ut temporibus possimus. A et provident sit autem.', 26, 26, 26);
INSERT INTO `review` (`ID`, `rating`, `description`, `user_id`, `book_id`, `transaction_id`) VALUES (27, 1, 'Mollitia ratione aut ab nihil saepe dolor. Modi quae id beatae sed deserunt dolorem quia. Provident dolorem nulla quo sunt incidunt quo. Odio quas debitis quidem neque.', 27, 27, 27);
INSERT INTO `review` (`ID`, `rating`, `description`, `user_id`, `book_id`, `transaction_id`) VALUES (28, 2, 'Omnis rerum ea aliquam exercitationem fugiat exercitationem non. Nihil sequi aut suscipit. Quisquam earum maiores odit et et.', 28, 28, 28);
INSERT INTO `review` (`ID`, `rating`, `description`, `user_id`, `book_id`, `transaction_id`) VALUES (29, 4, 'Et rerum quia consectetur nulla aut qui autem. Voluptatem dolores temporibus et qui repellendus sit quae. Quo aliquid rerum fuga facere. Maxime alias quibusdam provident sed ad dolore cum architecto.', 29, 29, 29);
INSERT INTO `review` (`ID`, `rating`, `description`, `user_id`, `book_id`, `transaction_id`) VALUES (30, 3, 'Mollitia laboriosam quae sunt necessitatibus. Sapiente laudantium nulla quibusdam quia rerum ut. Quis aut iure laudantium odio.', 30, 30, 30);
INSERT INTO `review` (`ID`, `rating`, `description`, `user_id`, `book_id`, `transaction_id`) VALUES (31, 3, 'Harum expedita sit possimus minus reiciendis qui. Porro optio perspiciatis perspiciatis voluptas delectus voluptatem. Accusantium quaerat sed aut voluptatem repellat. Laboriosam et soluta error facilis. Consectetur ea consequuntur repudiandae amet qui fuga.', 31, 31, 31);
INSERT INTO `review` (`ID`, `rating`, `description`, `user_id`, `book_id`, `transaction_id`) VALUES (32, 2, 'Alias facilis non eaque voluptatem ea reprehenderit neque. Aut ut ipsum provident unde quia et. Id expedita sint corporis et recusandae. Quisquam consequatur perspiciatis aperiam eveniet itaque ut. Dolorem est itaque molestiae architecto sequi amet minus.', 32, 32, 32);
INSERT INTO `review` (`ID`, `rating`, `description`, `user_id`, `book_id`, `transaction_id`) VALUES (33, 5, 'Id rem minima qui suscipit architecto laudantium ut quis. Neque odit et nisi accusamus facere. Debitis quasi alias corrupti cumque porro quisquam perspiciatis. At accusamus aliquid facilis.', 33, 33, 33);
INSERT INTO `review` (`ID`, `rating`, `description`, `user_id`, `book_id`, `transaction_id`) VALUES (34, 1, 'Voluptatem earum ut et veniam neque odit eum. Voluptatem molestiae a asperiores ut voluptatem voluptas. Minima et nam et laudantium explicabo beatae. Nostrum est ullam consequatur dolorem qui incidunt alias.', 34, 34, 34);
INSERT INTO `review` (`ID`, `rating`, `description`, `user_id`, `book_id`, `transaction_id`) VALUES (35, 3, 'Velit consequatur enim provident voluptate aut nihil. Excepturi nihil magni ut dolorem. Ab sed dolorem fugiat occaecati aut rerum quia ut. Sit exercitationem magnam sit labore et fuga exercitationem fugiat.', 35, 35, 35);
INSERT INTO `review` (`ID`, `rating`, `description`, `user_id`, `book_id`, `transaction_id`) VALUES (36, 3, 'Maxime qui quas corporis atque numquam. Aspernatur omnis impedit non impedit temporibus officia qui. Tempora molestias reiciendis rerum laudantium ab quia. Corrupti exercitationem quos est.', 36, 36, 36);
INSERT INTO `review` (`ID`, `rating`, `description`, `user_id`, `book_id`, `transaction_id`) VALUES (37, 2, 'Placeat enim neque aspernatur dolorum. Omnis officiis iure rerum recusandae error.', 37, 37, 37);
INSERT INTO `review` (`ID`, `rating`, `description`, `user_id`, `book_id`, `transaction_id`) VALUES (38, 5, 'Est similique a hic modi distinctio autem dolor. Repellat sed est recusandae aperiam quis voluptatem. Ea quod adipisci modi sed omnis facere.', 38, 38, 38);
INSERT INTO `review` (`ID`, `rating`, `description`, `user_id`, `book_id`, `transaction_id`) VALUES (39, 3, 'Temporibus excepturi natus et. Repudiandae accusamus voluptatibus minus sed consequatur non excepturi. Non officiis earum a facere. Sunt omnis sit tempore eos impedit repellendus.', 39, 39, 39);
INSERT INTO `review` (`ID`, `rating`, `description`, `user_id`, `book_id`, `transaction_id`) VALUES (40, 3, 'Ut modi vero omnis ullam. Numquam id omnis fugit voluptatem mollitia eveniet et nostrum. Est ex impedit et blanditiis eos non. Beatae exercitationem voluptatum dicta quo ullam.', 40, 40, 40);
INSERT INTO `review` (`ID`, `rating`, `description`, `user_id`, `book_id`, `transaction_id`) VALUES (41, 4, 'Aut debitis deserunt magni sint consequuntur nihil. Ipsa iste dolores distinctio id. Aliquam distinctio ipsam asperiores iusto eum aperiam consequatur praesentium. Repudiandae repellendus cupiditate aperiam autem ullam aut.', 41, 41, 41);
INSERT INTO `review` (`ID`, `rating`, `description`, `user_id`, `book_id`, `transaction_id`) VALUES (42, 1, 'Nisi aspernatur eum aperiam et iste in. Sapiente quisquam rerum et neque est alias. Quibusdam voluptatem recusandae animi est. Et eligendi eveniet nam reprehenderit rerum.', 42, 42, 42);
INSERT INTO `review` (`ID`, `rating`, `description`, `user_id`, `book_id`, `transaction_id`) VALUES (43, 2, 'Reprehenderit est cupiditate esse minima libero. Voluptatum commodi odit aspernatur quo tenetur. Libero id magnam illo quia explicabo. Odio fugiat sit libero. Amet distinctio et voluptatum minus nihil quas.', 43, 43, 43);
INSERT INTO `review` (`ID`, `rating`, `description`, `user_id`, `book_id`, `transaction_id`) VALUES (44, 3, 'Minima aperiam nihil explicabo provident consequuntur. Facere tempora qui accusantium distinctio quas amet ut. Nesciunt quis occaecati qui voluptates. Hic voluptate cum doloremque omnis est.', 44, 44, 44);
INSERT INTO `review` (`ID`, `rating`, `description`, `user_id`, `book_id`, `transaction_id`) VALUES (45, 1, 'Aut quaerat fugiat qui tempora occaecati ut. Repudiandae vitae omnis laborum. Voluptas sequi nihil ipsam est atque dolorem. Et architecto impedit quibusdam optio eos laboriosam qui.', 45, 45, 45);
INSERT INTO `review` (`ID`, `rating`, `description`, `user_id`, `book_id`, `transaction_id`) VALUES (46, 5, 'Quaerat facilis id tenetur repellat. Reiciendis consequuntur voluptas quisquam soluta adipisci vel commodi. Libero sed quia natus voluptates quisquam.', 46, 46, 46);
INSERT INTO `review` (`ID`, `rating`, `description`, `user_id`, `book_id`, `transaction_id`) VALUES (47, 3, 'Sed ut et ut quibusdam officiis aut. Aliquid rerum impedit id numquam esse et voluptatibus. Et modi ut excepturi quas quaerat qui velit eaque. Minima quia rerum et voluptas quibusdam vel eaque officiis.', 47, 47, 47);
INSERT INTO `review` (`ID`, `rating`, `description`, `user_id`, `book_id`, `transaction_id`) VALUES (48, 3, 'Aut quia tempore dignissimos nostrum unde. Nesciunt qui sed optio ratione magni architecto. Non minima porro est magni.', 48, 48, 48);
INSERT INTO `review` (`ID`, `rating`, `description`, `user_id`, `book_id`, `transaction_id`) VALUES (49, 2, 'Et eveniet eum soluta quis asperiores. Rem natus dolore quia.', 49, 49, 49);
INSERT INTO `review` (`ID`, `rating`, `description`, `user_id`, `book_id`, `transaction_id`) VALUES (50, 4, 'Hic minus omnis nihil similique. Ut harum occaecati fugiat eveniet. Omnis sequi aliquid est qui et. Pariatur veritatis ut accusamus voluptatem qui nemo.', 50, 50, 50);
INSERT INTO `review` (`ID`, `rating`, `description`, `user_id`, `book_id`, `transaction_id`) VALUES (51, 3, 'Rerum qui aspernatur eos vitae eaque placeat. Et animi ea voluptatibus est. Vero eius nulla quaerat doloribus.', 51, 51, 51);
INSERT INTO `review` (`ID`, `rating`, `description`, `user_id`, `book_id`, `transaction_id`) VALUES (52, 1, 'Repellat ut reiciendis debitis omnis. Minus eaque aut accusamus sequi omnis fuga saepe quaerat. Quia quia qui sequi cupiditate corporis sunt aut. Asperiores qui nisi reprehenderit reprehenderit vel et.', 52, 52, 52);
INSERT INTO `review` (`ID`, `rating`, `description`, `user_id`, `book_id`, `transaction_id`) VALUES (53, 1, 'Dignissimos iusto excepturi qui rem voluptatibus voluptates odio dolores. Saepe nostrum quis voluptatibus illum nulla consectetur aut. Et voluptate eum tempora. Enim et ea ut dolor culpa et sapiente.', 53, 53, 53);
INSERT INTO `review` (`ID`, `rating`, `description`, `user_id`, `book_id`, `transaction_id`) VALUES (54, 1, 'Quo quibusdam beatae et sed excepturi rerum perspiciatis reiciendis. Quia accusantium architecto sed sunt nobis commodi voluptates. Veniam quia aut ratione sed animi quibusdam.', 54, 54, 54);
INSERT INTO `review` (`ID`, `rating`, `description`, `user_id`, `book_id`, `transaction_id`) VALUES (55, 2, 'Nostrum cum enim quia consectetur mollitia. Qui est exercitationem quos cumque dolor ex quo sunt. Itaque non aut non. Ad voluptatem dignissimos voluptatem dolorem nobis.', 55, 55, 55);
INSERT INTO `review` (`ID`, `rating`, `description`, `user_id`, `book_id`, `transaction_id`) VALUES (56, 3, 'Corporis distinctio omnis reprehenderit assumenda. Consequatur reprehenderit qui sapiente qui corporis sapiente. Porro asperiores rerum vel laboriosam.', 56, 56, 56);
INSERT INTO `review` (`ID`, `rating`, `description`, `user_id`, `book_id`, `transaction_id`) VALUES (57, 1, 'Qui accusantium ad cum magni at perferendis. Non dolor repellendus est nihil quaerat culpa. Dignissimos qui quisquam ea vel vero eligendi fuga quos. Facere et nesciunt impedit quo molestiae.', 57, 57, 57);
INSERT INTO `review` (`ID`, `rating`, `description`, `user_id`, `book_id`, `transaction_id`) VALUES (58, 5, 'Aut unde placeat molestiae porro. Rerum totam aut eum cumque ad. Et nemo iure rerum. Temporibus possimus velit doloribus. Minima quos non quaerat quis nihil omnis consectetur.', 58, 58, 58);
INSERT INTO `review` (`ID`, `rating`, `description`, `user_id`, `book_id`, `transaction_id`) VALUES (59, 3, 'Dolores et deserunt eos illo nobis nesciunt. Explicabo id voluptas debitis voluptates dolores nesciunt corporis omnis. Nostrum tempora amet quod. Suscipit ut nam praesentium officia porro quaerat. Esse quos similique molestiae non recusandae libero.', 59, 59, 59);
INSERT INTO `review` (`ID`, `rating`, `description`, `user_id`, `book_id`, `transaction_id`) VALUES (60, 4, 'Reiciendis doloribus corrupti qui aperiam dolor minus unde. Molestiae inventore rerum officia explicabo praesentium hic.', 60, 60, 60);
INSERT INTO `review` (`ID`, `rating`, `description`, `user_id`, `book_id`, `transaction_id`) VALUES (61, 1, 'Quia nesciunt necessitatibus repellat ut. Provident est porro modi libero. Facilis minus doloribus nulla nemo laborum aspernatur dicta delectus. Autem rerum eligendi ratione consequatur ab officia.', 61, 61, 61);
INSERT INTO `review` (`ID`, `rating`, `description`, `user_id`, `book_id`, `transaction_id`) VALUES (62, 3, 'Id saepe libero ea et labore dicta. Et nemo exercitationem voluptas voluptates velit harum accusamus aliquid. Ipsa nemo consequuntur iste eligendi rerum.', 62, 62, 62);
INSERT INTO `review` (`ID`, `rating`, `description`, `user_id`, `book_id`, `transaction_id`) VALUES (63, 5, 'Natus corrupti voluptate est qui aspernatur debitis ducimus. Quis error delectus ut nesciunt et tenetur voluptas quia. Dolores omnis rerum voluptate nostrum sint.', 63, 63, 63);
INSERT INTO `review` (`ID`, `rating`, `description`, `user_id`, `book_id`, `transaction_id`) VALUES (64, 1, 'Vel voluptate voluptas accusamus eum eum et ut. Labore dolores dolores deserunt fuga officia voluptas a.', 64, 64, 64);
INSERT INTO `review` (`ID`, `rating`, `description`, `user_id`, `book_id`, `transaction_id`) VALUES (65, 3, 'Id velit vitae non molestiae unde. Ut eius accusantium et voluptatem. Saepe deleniti ullam sed soluta quod voluptatem nam aut.', 65, 65, 65);
INSERT INTO `review` (`ID`, `rating`, `description`, `user_id`, `book_id`, `transaction_id`) VALUES (66, 3, 'Aspernatur explicabo iure corrupti ut reiciendis vel delectus laboriosam. Sunt eum incidunt quisquam nihil consequatur. Ipsam qui molestiae minus dolor.', 66, 66, 66);
INSERT INTO `review` (`ID`, `rating`, `description`, `user_id`, `book_id`, `transaction_id`) VALUES (67, 2, 'Numquam dolores unde repellat quia quia consequatur magnam. Quas doloribus dolorum aperiam quia. Quae velit aut perspiciatis ipsum qui quidem rem. Dicta qui soluta autem sit eaque.', 67, 67, 67);
INSERT INTO `review` (`ID`, `rating`, `description`, `user_id`, `book_id`, `transaction_id`) VALUES (68, 2, 'Rem voluptate consequatur provident commodi esse vel unde. Dolores debitis minima et laborum assumenda. Velit explicabo mollitia quidem. Excepturi temporibus voluptatem excepturi eos id.', 68, 68, 68);
INSERT INTO `review` (`ID`, `rating`, `description`, `user_id`, `book_id`, `transaction_id`) VALUES (69, 1, 'Facilis perspiciatis consequatur eaque consequuntur molestiae. Nostrum ad ratione laborum tempora earum placeat. Veniam optio nihil placeat et at neque. Rerum velit tempore nemo enim ut et.', 69, 69, 69);
INSERT INTO `review` (`ID`, `rating`, `description`, `user_id`, `book_id`, `transaction_id`) VALUES (70, 2, 'Velit rem in aliquam enim dolore. Ut ullam quibusdam accusamus quasi in rerum magni dolorum. Et dolorum omnis quaerat molestias non consequatur autem. Velit consectetur quam quia autem.', 70, 70, 70);
INSERT INTO `review` (`ID`, `rating`, `description`, `user_id`, `book_id`, `transaction_id`) VALUES (71, 5, 'Corrupti quidem nostrum nobis culpa tenetur corporis in. Qui et nemo molestiae occaecati porro. Qui tenetur ipsa consectetur et vero commodi harum et.', 71, 71, 71);
INSERT INTO `review` (`ID`, `rating`, `description`, `user_id`, `book_id`, `transaction_id`) VALUES (72, 5, 'Minus dolore fuga ut iste quas voluptas ex. Sit et sed quo fugit quia omnis minus. Quisquam veniam non ut dignissimos cupiditate velit quo. Quia nisi ut praesentium aspernatur.', 72, 72, 72);
INSERT INTO `review` (`ID`, `rating`, `description`, `user_id`, `book_id`, `transaction_id`) VALUES (73, 2, 'Nesciunt in laudantium voluptatibus et totam. Labore perferendis et sapiente quaerat et ipsam nam laborum. Accusantium neque sint delectus hic molestiae.', 73, 73, 73);
INSERT INTO `review` (`ID`, `rating`, `description`, `user_id`, `book_id`, `transaction_id`) VALUES (74, 1, 'Incidunt tempore est in nihil nesciunt. Aut sint quis enim vitae aperiam in sint. Dolorem id modi quae laborum incidunt facere. Voluptatem ea explicabo maxime eum facere optio.', 74, 74, 74);
INSERT INTO `review` (`ID`, `rating`, `description`, `user_id`, `book_id`, `transaction_id`) VALUES (75, 1, 'Cupiditate quia consequatur quaerat voluptate ut blanditiis. Vel dolor non minus nesciunt quam. Quia eos ipsum nihil.', 75, 75, 75);
INSERT INTO `review` (`ID`, `rating`, `description`, `user_id`, `book_id`, `transaction_id`) VALUES (76, 4, 'Eveniet est qui incidunt quaerat similique enim quibusdam. Aut quod magni est natus voluptas non. Totam laboriosam explicabo iusto id libero expedita laborum.', 76, 76, 76);
INSERT INTO `review` (`ID`, `rating`, `description`, `user_id`, `book_id`, `transaction_id`) VALUES (77, 3, 'Qui quos voluptatem distinctio. Aperiam eum amet voluptate molestiae minima. Omnis natus exercitationem numquam.', 77, 77, 77);
INSERT INTO `review` (`ID`, `rating`, `description`, `user_id`, `book_id`, `transaction_id`) VALUES (78, 5, 'Quia voluptate voluptas asperiores tempore quo. Rerum et enim voluptatem dicta dolores est. Eum distinctio fugiat quo excepturi non et blanditiis.', 78, 78, 78);
INSERT INTO `review` (`ID`, `rating`, `description`, `user_id`, `book_id`, `transaction_id`) VALUES (79, 5, 'Minus rem nesciunt pariatur quia iure. Et aut suscipit et ex. Et fugit deserunt explicabo hic eos omnis non modi.', 79, 79, 79);
INSERT INTO `review` (`ID`, `rating`, `description`, `user_id`, `book_id`, `transaction_id`) VALUES (80, 4, 'Natus vel velit autem voluptatem. Aut repellendus tenetur accusantium quidem. Vel dolorem magnam iste sunt. Dolor aut voluptatibus dignissimos voluptatum qui. Quis eum id ducimus debitis consequatur suscipit.', 80, 80, 80);
INSERT INTO `review` (`ID`, `rating`, `description`, `user_id`, `book_id`, `transaction_id`) VALUES (81, 5, 'Ut quia optio sed itaque voluptatem molestias. Quam beatae eveniet saepe. Vel sed autem rerum aut corrupti alias cupiditate. Autem vel repellendus ut et consequatur.', 81, 81, 81);
INSERT INTO `review` (`ID`, `rating`, `description`, `user_id`, `book_id`, `transaction_id`) VALUES (82, 5, 'Consequatur rerum ducimus ut maiores. Quis occaecati numquam atque alias sapiente fuga necessitatibus. Quod vel corrupti ab corporis veritatis. Iste et reprehenderit minima excepturi vero.', 82, 82, 82);
INSERT INTO `review` (`ID`, `rating`, `description`, `user_id`, `book_id`, `transaction_id`) VALUES (83, 4, 'A voluptas non nemo nisi. Quam nisi quam adipisci id autem rerum maxime. Voluptatibus vero mollitia hic. Aliquam ex aut est deserunt voluptatem.', 83, 83, 83);
INSERT INTO `review` (`ID`, `rating`, `description`, `user_id`, `book_id`, `transaction_id`) VALUES (84, 4, 'Commodi quis aliquam commodi quod sunt temporibus et. Dolorem nulla quia aliquam dolore. Qui autem voluptate adipisci accusamus enim consectetur et est. Tempore eaque repellat et odit.', 84, 84, 84);
INSERT INTO `review` (`ID`, `rating`, `description`, `user_id`, `book_id`, `transaction_id`) VALUES (85, 5, 'Vel libero quas fuga nihil neque. Qui non temporibus aut omnis modi vel. Velit mollitia et ut similique. Quam maxime aperiam officia temporibus aut perspiciatis.', 85, 85, 85);
INSERT INTO `review` (`ID`, `rating`, `description`, `user_id`, `book_id`, `transaction_id`) VALUES (86, 4, 'Ipsa quam qui eos ut. Praesentium aspernatur totam inventore qui commodi ducimus. Nulla ratione ratione enim. Ratione recusandae natus sed et labore asperiores.', 86, 86, 86);
INSERT INTO `review` (`ID`, `rating`, `description`, `user_id`, `book_id`, `transaction_id`) VALUES (87, 3, 'Dolorem ullam ratione blanditiis iusto incidunt quis. Optio qui hic omnis. Architecto ratione molestiae qui animi vel in. Neque voluptate consequatur a qui fuga.', 87, 87, 87);
INSERT INTO `review` (`ID`, `rating`, `description`, `user_id`, `book_id`, `transaction_id`) VALUES (88, 3, 'Voluptatem id et vel ex est perferendis eaque. Vero id magni quibusdam minus consequatur debitis amet aut. Molestiae excepturi consectetur consectetur nostrum.', 88, 88, 88);
INSERT INTO `review` (`ID`, `rating`, `description`, `user_id`, `book_id`, `transaction_id`) VALUES (89, 1, 'Qui sed officia nostrum aut. Rerum laborum et eius fugit expedita. Et non aliquid itaque consequatur et neque.', 89, 89, 89);
INSERT INTO `review` (`ID`, `rating`, `description`, `user_id`, `book_id`, `transaction_id`) VALUES (90, 1, 'Est vel quae qui libero. Maiores repellendus aut laborum optio. Provident repudiandae voluptas officia qui. Est pariatur dignissimos numquam voluptas.', 90, 90, 90);
INSERT INTO `review` (`ID`, `rating`, `description`, `user_id`, `book_id`, `transaction_id`) VALUES (91, 2, 'Commodi aut fuga quia ipsum at ut ut. Et quidem a recusandae et. Quas molestiae laboriosam quam corporis non fuga. Quis sint iste autem.', 91, 91, 91);
INSERT INTO `review` (`ID`, `rating`, `description`, `user_id`, `book_id`, `transaction_id`) VALUES (92, 3, 'Cum ducimus excepturi qui minus eos. Omnis sit velit inventore ut omnis. Doloremque ad pariatur et maxime tempora exercitationem ipsum. Modi dicta dolore fuga totam sit. Sit id a repudiandae repellat.', 92, 92, 92);
INSERT INTO `review` (`ID`, `rating`, `description`, `user_id`, `book_id`, `transaction_id`) VALUES (93, 1, 'Occaecati modi et aut illum. Fuga aspernatur id omnis reprehenderit totam quia mollitia. Ipsam iure enim expedita dolor in a ipsam.', 93, 93, 93);
INSERT INTO `review` (`ID`, `rating`, `description`, `user_id`, `book_id`, `transaction_id`) VALUES (94, 2, 'Deleniti sunt omnis sequi est. Fuga temporibus sint nihil architecto. Vel sapiente quibusdam expedita minus. Repellendus labore ut omnis. Qui voluptatum quaerat porro mollitia quo est.', 94, 94, 94);
INSERT INTO `review` (`ID`, `rating`, `description`, `user_id`, `book_id`, `transaction_id`) VALUES (95, 4, 'Est iusto veritatis quidem ratione ea cumque est. Ratione eos deleniti ipsum sapiente sed nesciunt. Sit molestiae quisquam ut fugiat nihil sunt. Dolorem neque sed et quo.', 95, 95, 95);
INSERT INTO `review` (`ID`, `rating`, `description`, `user_id`, `book_id`, `transaction_id`) VALUES (96, 3, 'Rem dignissimos minima consequatur iure voluptates labore aperiam. Reiciendis est qui ea officia cum rem. Nobis itaque id illo ut et. Impedit nesciunt possimus qui.', 96, 96, 96);
INSERT INTO `review` (`ID`, `rating`, `description`, `user_id`, `book_id`, `transaction_id`) VALUES (97, 3, 'Occaecati ipsum quo dolore amet laborum doloremque. Quidem nihil minima est et amet.', 97, 97, 97);
INSERT INTO `review` (`ID`, `rating`, `description`, `user_id`, `book_id`, `transaction_id`) VALUES (98, 5, 'Quia non blanditiis iusto explicabo cupiditate eos modi. Ullam alias impedit qui dolores dolor. Excepturi ea nesciunt qui eius. Aspernatur maiores quo mollitia qui doloremque. Quidem est temporibus voluptas nihil.', 98, 98, 98);
INSERT INTO `review` (`ID`, `rating`, `description`, `user_id`, `book_id`, `transaction_id`) VALUES (99, 2, 'Ullam asperiores culpa distinctio expedita error architecto. Iste ut voluptas eaque itaque. Est dicta officia vel. Corporis reprehenderit est blanditiis inventore.', 99, 99, 99);
INSERT INTO `review` (`ID`, `rating`, `description`, `user_id`, `book_id`, `transaction_id`) VALUES (100, 3, 'Earum commodi quia quia in tempora velit id. Doloribus quaerat expedita laudantium et fugit. Eos consequuntur accusamus tempore amet quae.', 100, 100, 100);
INSERT INTO `review` (`ID`, `rating`, `description`, `user_id`, `book_id`, `transaction_id`) VALUES (101, 2, 'Cupiditate qui qui ut vel ratione. Voluptatem itaque adipisci itaque dolorem aperiam ab dignissimos. Nihil eligendi mollitia dolorum. Repudiandae dicta sapiente natus esse.', 1, 1, 101);
INSERT INTO `review` (`ID`, `rating`, `description`, `user_id`, `book_id`, `transaction_id`) VALUES (102, 4, 'Aut voluptate officia omnis molestiae pariatur quod tenetur. Ipsam nihil fugit dolor rem dolor. Reiciendis aut repellendus voluptates et molestiae laborum. Deserunt ab culpa fuga dolores dolorum perferendis.', 2, 2, 102);
INSERT INTO `review` (`ID`, `rating`, `description`, `user_id`, `book_id`, `transaction_id`) VALUES (103, 5, 'Ducimus sunt ut quis. Quia voluptatem neque inventore eos.', 3, 3, 103);
INSERT INTO `review` (`ID`, `rating`, `description`, `user_id`, `book_id`, `transaction_id`) VALUES (104, 5, 'Qui ea odio consequatur voluptas deleniti. Dolor dolor ratione aperiam consequatur esse ipsum ab nihil. Qui necessitatibus quia dolorem corporis magnam maiores sint. Expedita magni adipisci similique quasi ratione. Ut laudantium aut laudantium eos corrupti modi.', 4, 4, 104);
INSERT INTO `review` (`ID`, `rating`, `description`, `user_id`, `book_id`, `transaction_id`) VALUES (105, 2, 'Ut minus laudantium et sit. Voluptatem optio nobis incidunt asperiores repudiandae nostrum. Veritatis magni a quo non omnis et. Incidunt aut provident recusandae ut laborum.', 5, 5, 105);
INSERT INTO `review` (`ID`, `rating`, `description`, `user_id`, `book_id`, `transaction_id`) VALUES (106, 4, 'Perferendis cum facilis in ut. Facere minima temporibus autem et velit id consequuntur itaque.', 6, 6, 106);
INSERT INTO `review` (`ID`, `rating`, `description`, `user_id`, `book_id`, `transaction_id`) VALUES (107, 2, 'Ratione odio reiciendis aliquam suscipit natus. Reprehenderit excepturi voluptas molestias consectetur voluptas earum. Vitae at ab unde est non. Fugit voluptates et accusamus nisi omnis tempora illum.', 7, 7, 107);
INSERT INTO `review` (`ID`, `rating`, `description`, `user_id`, `book_id`, `transaction_id`) VALUES (108, 4, 'Temporibus dolores voluptatem sint incidunt voluptatem voluptas ut nulla. Neque sit rem voluptatem laborum incidunt ad deserunt. Quia nihil officiis officiis assumenda et. Ab ipsum eos porro necessitatibus et in.', 8, 8, 108);
INSERT INTO `review` (`ID`, `rating`, `description`, `user_id`, `book_id`, `transaction_id`) VALUES (109, 3, 'Excepturi expedita ipsum nemo soluta ipsum maiores eos nam. Laudantium eum qui culpa accusamus. Hic voluptate sed minus.', 9, 9, 109);
INSERT INTO `review` (`ID`, `rating`, `description`, `user_id`, `book_id`, `transaction_id`) VALUES (110, 2, 'Iure id qui temporibus provident occaecati molestiae. Et amet atque qui adipisci earum. Suscipit nostrum porro sit et ipsa.', 10, 10, 110);
INSERT INTO `review` (`ID`, `rating`, `description`, `user_id`, `book_id`, `transaction_id`) VALUES (111, 2, 'Voluptatem nihil adipisci cum quos qui dolorem molestias. Doloribus sequi voluptatibus mollitia reprehenderit.', 11, 11, 111);
INSERT INTO `review` (`ID`, `rating`, `description`, `user_id`, `book_id`, `transaction_id`) VALUES (112, 5, 'Necessitatibus consequatur quasi consequuntur nam eum. Non velit nostrum quis libero culpa. Excepturi aut aut sit qui cupiditate et porro. Impedit voluptatibus beatae unde et nisi quidem rerum. Qui nulla ab vero dolore.', 12, 12, 112);
INSERT INTO `review` (`ID`, `rating`, `description`, `user_id`, `book_id`, `transaction_id`) VALUES (113, 3, 'Neque quod dolorem quisquam a deleniti. Repellendus ut quisquam dicta excepturi enim aliquam deserunt et. Enim consequatur recusandae mollitia veniam.', 13, 13, 113);
INSERT INTO `review` (`ID`, `rating`, `description`, `user_id`, `book_id`, `transaction_id`) VALUES (114, 4, 'Consequatur modi itaque exercitationem soluta ipsam. Illum ut omnis eos earum. Illo consequatur et ut quo ab.', 14, 14, 114);
INSERT INTO `review` (`ID`, `rating`, `description`, `user_id`, `book_id`, `transaction_id`) VALUES (115, 3, 'Reiciendis ullam maxime neque nihil. Voluptas voluptatem eos aperiam odio. Quia at laborum eos et ut assumenda.', 15, 15, 115);
INSERT INTO `review` (`ID`, `rating`, `description`, `user_id`, `book_id`, `transaction_id`) VALUES (116, 3, 'Nisi praesentium error fuga sunt reiciendis adipisci et. Sunt eaque delectus autem laborum ea eos. Pariatur atque aut facilis totam architecto.', 16, 16, 116);
INSERT INTO `review` (`ID`, `rating`, `description`, `user_id`, `book_id`, `transaction_id`) VALUES (117, 4, 'Rerum quas impedit labore fuga nihil voluptatem. Molestiae harum alias doloremque voluptates. Non est et quia in quo est.', 17, 17, 117);
INSERT INTO `review` (`ID`, `rating`, `description`, `user_id`, `book_id`, `transaction_id`) VALUES (118, 1, 'Laborum praesentium dolorem voluptatem qui tempore aut ut. Libero vero placeat consectetur sequi sequi nihil. Voluptatem minus qui est ut. Ut et cumque atque nihil labore.', 18, 18, 118);
INSERT INTO `review` (`ID`, `rating`, `description`, `user_id`, `book_id`, `transaction_id`) VALUES (119, 2, 'Incidunt hic non iure. Architecto adipisci eum ea dolorum sequi. Eveniet quo quam officia. Qui sed omnis et ea fugit id.', 19, 19, 119);
INSERT INTO `review` (`ID`, `rating`, `description`, `user_id`, `book_id`, `transaction_id`) VALUES (120, 1, 'Ex esse in rerum enim. Eaque necessitatibus incidunt consequuntur et animi tempora qui. Rem eum hic occaecati. Est cumque aut minima voluptas.', 20, 20, 120);
INSERT INTO `review` (`ID`, `rating`, `description`, `user_id`, `book_id`, `transaction_id`) VALUES (121, 3, 'Dolorem cum sint quam quis ut. Accusamus alias totam quos et delectus quam. Quaerat doloremque maxime labore rem nisi. Qui dolores ut quibusdam quia eius rerum.', 21, 21, 121);
INSERT INTO `review` (`ID`, `rating`, `description`, `user_id`, `book_id`, `transaction_id`) VALUES (122, 5, 'Saepe doloremque qui repudiandae minus. Distinctio deleniti harum quia ut iusto ex. Autem sapiente deleniti ex rerum. Rerum suscipit laudantium iste. Nobis eaque vero sunt deserunt.', 22, 22, 122);
INSERT INTO `review` (`ID`, `rating`, `description`, `user_id`, `book_id`, `transaction_id`) VALUES (123, 1, 'Voluptate est laudantium consectetur et occaecati. Quam similique ea aut nisi et provident accusantium.', 23, 23, 123);
INSERT INTO `review` (`ID`, `rating`, `description`, `user_id`, `book_id`, `transaction_id`) VALUES (124, 1, 'Et dolorem corrupti labore magni cumque ab. Cupiditate illum esse maxime temporibus. Magnam ut earum saepe nemo est. Nostrum debitis aut totam optio provident animi rerum.', 24, 24, 124);
INSERT INTO `review` (`ID`, `rating`, `description`, `user_id`, `book_id`, `transaction_id`) VALUES (125, 2, 'Fuga assumenda rerum odit. Repellat dolor labore enim doloremque earum dolor. Debitis rem eum et repellat.', 25, 25, 125);
INSERT INTO `review` (`ID`, `rating`, `description`, `user_id`, `book_id`, `transaction_id`) VALUES (126, 5, 'Saepe eligendi voluptatibus totam debitis id. Placeat sunt distinctio cum rerum. Adipisci soluta molestias architecto autem. In impedit est at ut eos.', 26, 26, 126);
INSERT INTO `review` (`ID`, `rating`, `description`, `user_id`, `book_id`, `transaction_id`) VALUES (127, 1, 'Rerum ipsam asperiores modi eos reprehenderit non. Recusandae quia velit quos illum sunt. Sed et molestias sed facilis fugiat molestiae.', 27, 27, 127);
INSERT INTO `review` (`ID`, `rating`, `description`, `user_id`, `book_id`, `transaction_id`) VALUES (128, 1, 'Doloremque voluptatem ratione assumenda error laboriosam animi perspiciatis. Quos laudantium blanditiis rem quia. Alias dolorem repudiandae rerum autem. Sequi sapiente et omnis fugiat qui.', 28, 28, 128);
INSERT INTO `review` (`ID`, `rating`, `description`, `user_id`, `book_id`, `transaction_id`) VALUES (129, 2, 'Asperiores officia ut illum eos earum eligendi nesciunt. Voluptas voluptate error doloribus. Nulla quis maxime nobis distinctio corrupti sed. Sed ut hic voluptas magni.', 29, 29, 129);
INSERT INTO `review` (`ID`, `rating`, `description`, `user_id`, `book_id`, `transaction_id`) VALUES (130, 2, 'Nostrum vel sit qui illo sequi. Eaque aliquam voluptas et nemo laboriosam aspernatur expedita. Reiciendis accusantium sunt atque voluptas sit. Fugit quis aut architecto.', 30, 30, 130);
INSERT INTO `review` (`ID`, `rating`, `description`, `user_id`, `book_id`, `transaction_id`) VALUES (131, 4, 'Consequatur ab ut fugiat voluptate voluptatibus labore. Natus placeat animi rem placeat doloremque velit accusamus. Nemo ea itaque vel quia quam.', 31, 31, 131);
INSERT INTO `review` (`ID`, `rating`, `description`, `user_id`, `book_id`, `transaction_id`) VALUES (132, 1, 'Placeat amet id aspernatur ullam. Enim quos doloribus omnis totam nihil nobis ut. At laudantium tenetur doloremque quo.', 32, 32, 132);
INSERT INTO `review` (`ID`, `rating`, `description`, `user_id`, `book_id`, `transaction_id`) VALUES (133, 1, 'Voluptatem ut ut aut aut dolores. Harum aut placeat eligendi architecto unde omnis dolorum. Nisi iure iusto rerum animi.', 33, 33, 133);
INSERT INTO `review` (`ID`, `rating`, `description`, `user_id`, `book_id`, `transaction_id`) VALUES (134, 3, 'Odio sequi placeat et corporis omnis eaque. Molestias ipsa voluptas saepe perspiciatis provident illo qui. Aperiam accusamus eveniet quibusdam et et quis enim. Rem quia eum et error non assumenda.', 34, 34, 134);
INSERT INTO `review` (`ID`, `rating`, `description`, `user_id`, `book_id`, `transaction_id`) VALUES (135, 3, 'Harum neque tenetur id id veritatis blanditiis deleniti. Occaecati saepe maiores itaque dolorum quaerat ut porro minima. Adipisci assumenda in tempore consequatur quos aperiam et officiis.', 35, 35, 135);
INSERT INTO `review` (`ID`, `rating`, `description`, `user_id`, `book_id`, `transaction_id`) VALUES (136, 2, 'Omnis error ipsa et laudantium delectus. Vel dolor reprehenderit eum ad. Odio velit amet unde perspiciatis.', 36, 36, 136);
INSERT INTO `review` (`ID`, `rating`, `description`, `user_id`, `book_id`, `transaction_id`) VALUES (137, 4, 'Ut vero minima laudantium officia perspiciatis. Placeat exercitationem alias autem ut.', 37, 37, 137);
INSERT INTO `review` (`ID`, `rating`, `description`, `user_id`, `book_id`, `transaction_id`) VALUES (138, 4, 'Neque neque ut nisi ut autem voluptatem corporis eum. Nostrum molestiae ex animi quibusdam architecto. Molestias quis quia dolore aut magnam laudantium alias.', 38, 38, 138);
INSERT INTO `review` (`ID`, `rating`, `description`, `user_id`, `book_id`, `transaction_id`) VALUES (139, 2, 'Exercitationem ut voluptas iure voluptatum libero. Voluptatem vel magni odit itaque. Occaecati voluptatibus corrupti in sint et nulla.', 39, 39, 139);
INSERT INTO `review` (`ID`, `rating`, `description`, `user_id`, `book_id`, `transaction_id`) VALUES (140, 1, 'Ducimus alias magnam aperiam quaerat. Ipsam quibusdam totam voluptate unde facere tempore vero. Deserunt neque quia numquam quia natus. Omnis laboriosam enim autem excepturi nostrum ut veniam. Expedita soluta doloremque nostrum saepe fugiat tempore quaerat.', 40, 40, 140);
INSERT INTO `review` (`ID`, `rating`, `description`, `user_id`, `book_id`, `transaction_id`) VALUES (141, 1, 'Est ut nobis odio fuga. Adipisci repellendus sint minus qui modi explicabo dolorem. Itaque est ut alias consequatur natus et quia. Et sint sit saepe atque.', 41, 41, 141);
INSERT INTO `review` (`ID`, `rating`, `description`, `user_id`, `book_id`, `transaction_id`) VALUES (142, 5, 'Explicabo consequuntur pariatur fugit quos saepe et in. Harum aut distinctio aliquam repudiandae nisi. Incidunt explicabo quibusdam ipsam aut nobis illum. Impedit sed saepe inventore quia quaerat aliquam velit.', 42, 42, 142);
INSERT INTO `review` (`ID`, `rating`, `description`, `user_id`, `book_id`, `transaction_id`) VALUES (143, 1, 'Corrupti corrupti est dolores corrupti. Aut aperiam voluptatum laboriosam vel ea veniam. Est non deserunt dolorum ducimus quas doloremque. Magni asperiores enim voluptatum beatae. Soluta commodi facere eum et dolor ut.', 43, 43, 143);
INSERT INTO `review` (`ID`, `rating`, `description`, `user_id`, `book_id`, `transaction_id`) VALUES (144, 4, 'Voluptates repellat nobis minima quia ipsa molestiae. Ullam voluptatibus tenetur architecto aut ut. Qui ab aspernatur voluptatem. Ut vel ullam quae eveniet.', 44, 44, 144);
INSERT INTO `review` (`ID`, `rating`, `description`, `user_id`, `book_id`, `transaction_id`) VALUES (145, 4, 'Tempore nisi explicabo ut voluptatem. Sit harum harum est aperiam. Illum quam totam facilis vel consequatur aut tenetur. Velit laborum voluptas et vitae. Quae quibusdam ut sint sit dolorem qui saepe.', 45, 45, 145);
INSERT INTO `review` (`ID`, `rating`, `description`, `user_id`, `book_id`, `transaction_id`) VALUES (146, 2, 'Ut quos eum magni eum aliquid ut id. Et sapiente aut reprehenderit et. Id explicabo quis necessitatibus fuga officiis sunt aut. Eum esse corrupti voluptate soluta vel aperiam odio.', 46, 46, 146);
INSERT INTO `review` (`ID`, `rating`, `description`, `user_id`, `book_id`, `transaction_id`) VALUES (147, 1, 'Consequuntur eveniet ducimus impedit quidem aut quia. Consequatur at id dolor voluptate officiis optio dolorum. Dolorum saepe officia voluptatem deleniti tempora laborum reprehenderit. Et nemo non rerum et illum expedita. Reprehenderit exercitationem est iure.', 47, 47, 147);
INSERT INTO `review` (`ID`, `rating`, `description`, `user_id`, `book_id`, `transaction_id`) VALUES (148, 2, 'Quis laudantium sit illo id amet molestiae consequatur. Cum eos laudantium autem repellendus reprehenderit et voluptatem quis. Et repellat et eum tempore illo vitae.', 48, 48, 148);
INSERT INTO `review` (`ID`, `rating`, `description`, `user_id`, `book_id`, `transaction_id`) VALUES (149, 5, 'Laudantium ut qui aut soluta voluptatem adipisci cum. Enim deserunt occaecati nihil eveniet. Maxime porro perferendis ut placeat qui ab accusamus.', 49, 49, 149);
INSERT INTO `review` (`ID`, `rating`, `description`, `user_id`, `book_id`, `transaction_id`) VALUES (150, 5, 'Explicabo sit corrupti cupiditate nostrum harum. Quibusdam natus minima cumque error qui deserunt.', 50, 50, 150);


#
# TABLE STRUCTURE FOR: transaction
#

DROP TABLE IF EXISTS `transaction`;

CREATE TABLE `transaction` (
  `ID` int(11) NOT NULL AUTO_INCREMENT,
  `date` date NOT NULL,
  `user_id` int(11) NOT NULL,
  `book_id` int(11) NOT NULL,
  `nb_of_books` int(11) NOT NULL,
  PRIMARY KEY (`ID`),
  KEY `to_user` (`user_id`),
  KEY `to_book` (`book_id`),
  CONSTRAINT `to_book` FOREIGN KEY (`book_id`) REFERENCES `book` (`ID`) ON DELETE CASCADE,
  CONSTRAINT `to_user` FOREIGN KEY (`user_id`) REFERENCES `user` (`ID`) ON DELETE CASCADE ON UPDATE CASCADE
) ENGINE=InnoDB AUTO_INCREMENT=201 DEFAULT CHARSET=latin1;

INSERT INTO `transaction` (`ID`, `date`, `user_id`, `book_id`, `nb_of_books`) VALUES (1, '1995-02-10', 1, 1, 5);
INSERT INTO `transaction` (`ID`, `date`, `user_id`, `book_id`, `nb_of_books`) VALUES (2, '1989-05-03', 2, 2, 2);
INSERT INTO `transaction` (`ID`, `date`, `user_id`, `book_id`, `nb_of_books`) VALUES (3, '1971-12-13', 3, 3, 7);
INSERT INTO `transaction` (`ID`, `date`, `user_id`, `book_id`, `nb_of_books`) VALUES (4, '1978-05-11', 4, 4, 4);
INSERT INTO `transaction` (`ID`, `date`, `user_id`, `book_id`, `nb_of_books`) VALUES (5, '2013-10-18', 5, 5, 1);
INSERT INTO `transaction` (`ID`, `date`, `user_id`, `book_id`, `nb_of_books`) VALUES (6, '1994-06-06', 6, 6, 3);
INSERT INTO `transaction` (`ID`, `date`, `user_id`, `book_id`, `nb_of_books`) VALUES (7, '1981-09-20', 7, 7, 7);
INSERT INTO `transaction` (`ID`, `date`, `user_id`, `book_id`, `nb_of_books`) VALUES (8, '2011-07-20', 8, 8, 7);
INSERT INTO `transaction` (`ID`, `date`, `user_id`, `book_id`, `nb_of_books`) VALUES (9, '2000-12-20', 9, 9, 1);
INSERT INTO `transaction` (`ID`, `date`, `user_id`, `book_id`, `nb_of_books`) VALUES (10, '2010-07-17', 10, 10, 9);
INSERT INTO `transaction` (`ID`, `date`, `user_id`, `book_id`, `nb_of_books`) VALUES (11, '2015-09-11', 11, 11, 1);
INSERT INTO `transaction` (`ID`, `date`, `user_id`, `book_id`, `nb_of_books`) VALUES (12, '1991-10-14', 12, 12, 6);
INSERT INTO `transaction` (`ID`, `date`, `user_id`, `book_id`, `nb_of_books`) VALUES (13, '1990-09-21', 13, 13, 5);
INSERT INTO `transaction` (`ID`, `date`, `user_id`, `book_id`, `nb_of_books`) VALUES (14, '1995-06-26', 14, 14, 9);
INSERT INTO `transaction` (`ID`, `date`, `user_id`, `book_id`, `nb_of_books`) VALUES (15, '2000-06-16', 15, 15, 7);
INSERT INTO `transaction` (`ID`, `date`, `user_id`, `book_id`, `nb_of_books`) VALUES (16, '1990-11-20', 16, 16, 2);
INSERT INTO `transaction` (`ID`, `date`, `user_id`, `book_id`, `nb_of_books`) VALUES (17, '2016-09-11', 17, 17, 3);
INSERT INTO `transaction` (`ID`, `date`, `user_id`, `book_id`, `nb_of_books`) VALUES (18, '1993-06-17', 18, 18, 9);
INSERT INTO `transaction` (`ID`, `date`, `user_id`, `book_id`, `nb_of_books`) VALUES (19, '2017-02-19', 19, 19, 7);
INSERT INTO `transaction` (`ID`, `date`, `user_id`, `book_id`, `nb_of_books`) VALUES (20, '1984-03-06', 20, 20, 8);
INSERT INTO `transaction` (`ID`, `date`, `user_id`, `book_id`, `nb_of_books`) VALUES (21, '2017-10-29', 21, 21, 8);
INSERT INTO `transaction` (`ID`, `date`, `user_id`, `book_id`, `nb_of_books`) VALUES (22, '2009-11-23', 22, 22, 6);
INSERT INTO `transaction` (`ID`, `date`, `user_id`, `book_id`, `nb_of_books`) VALUES (23, '1981-02-19', 23, 23, 2);
INSERT INTO `transaction` (`ID`, `date`, `user_id`, `book_id`, `nb_of_books`) VALUES (24, '2009-12-17', 24, 24, 2);
INSERT INTO `transaction` (`ID`, `date`, `user_id`, `book_id`, `nb_of_books`) VALUES (25, '1983-08-02', 25, 25, 1);
INSERT INTO `transaction` (`ID`, `date`, `user_id`, `book_id`, `nb_of_books`) VALUES (26, '1976-11-23', 26, 26, 4);
INSERT INTO `transaction` (`ID`, `date`, `user_id`, `book_id`, `nb_of_books`) VALUES (27, '1991-02-13', 27, 27, 5);
INSERT INTO `transaction` (`ID`, `date`, `user_id`, `book_id`, `nb_of_books`) VALUES (28, '2007-08-15', 28, 28, 5);
INSERT INTO `transaction` (`ID`, `date`, `user_id`, `book_id`, `nb_of_books`) VALUES (29, '1978-08-02', 29, 29, 7);
INSERT INTO `transaction` (`ID`, `date`, `user_id`, `book_id`, `nb_of_books`) VALUES (30, '2009-11-05', 30, 30, 9);
INSERT INTO `transaction` (`ID`, `date`, `user_id`, `book_id`, `nb_of_books`) VALUES (31, '1987-02-09', 31, 31, 5);
INSERT INTO `transaction` (`ID`, `date`, `user_id`, `book_id`, `nb_of_books`) VALUES (32, '2011-11-23', 32, 32, 3);
INSERT INTO `transaction` (`ID`, `date`, `user_id`, `book_id`, `nb_of_books`) VALUES (33, '1996-07-23', 33, 33, 1);
INSERT INTO `transaction` (`ID`, `date`, `user_id`, `book_id`, `nb_of_books`) VALUES (34, '1996-11-17', 34, 34, 8);
INSERT INTO `transaction` (`ID`, `date`, `user_id`, `book_id`, `nb_of_books`) VALUES (35, '1990-01-08', 35, 35, 5);
INSERT INTO `transaction` (`ID`, `date`, `user_id`, `book_id`, `nb_of_books`) VALUES (36, '1980-07-18', 36, 36, 7);
INSERT INTO `transaction` (`ID`, `date`, `user_id`, `book_id`, `nb_of_books`) VALUES (37, '1986-08-18', 37, 37, 6);
INSERT INTO `transaction` (`ID`, `date`, `user_id`, `book_id`, `nb_of_books`) VALUES (38, '2004-11-15', 38, 38, 7);
INSERT INTO `transaction` (`ID`, `date`, `user_id`, `book_id`, `nb_of_books`) VALUES (39, '1982-08-30', 39, 39, 9);
INSERT INTO `transaction` (`ID`, `date`, `user_id`, `book_id`, `nb_of_books`) VALUES (40, '1993-08-07', 40, 40, 10);
INSERT INTO `transaction` (`ID`, `date`, `user_id`, `book_id`, `nb_of_books`) VALUES (41, '1996-05-15', 41, 41, 8);
INSERT INTO `transaction` (`ID`, `date`, `user_id`, `book_id`, `nb_of_books`) VALUES (42, '2006-02-05', 42, 42, 8);
INSERT INTO `transaction` (`ID`, `date`, `user_id`, `book_id`, `nb_of_books`) VALUES (43, '2014-02-05', 43, 43, 7);
INSERT INTO `transaction` (`ID`, `date`, `user_id`, `book_id`, `nb_of_books`) VALUES (44, '2014-02-20', 44, 44, 6);
INSERT INTO `transaction` (`ID`, `date`, `user_id`, `book_id`, `nb_of_books`) VALUES (45, '1976-01-05', 45, 45, 4);
INSERT INTO `transaction` (`ID`, `date`, `user_id`, `book_id`, `nb_of_books`) VALUES (46, '1975-02-25', 46, 46, 6);
INSERT INTO `transaction` (`ID`, `date`, `user_id`, `book_id`, `nb_of_books`) VALUES (47, '1994-02-26', 47, 47, 7);
INSERT INTO `transaction` (`ID`, `date`, `user_id`, `book_id`, `nb_of_books`) VALUES (48, '1981-05-13', 48, 48, 4);
INSERT INTO `transaction` (`ID`, `date`, `user_id`, `book_id`, `nb_of_books`) VALUES (49, '1970-05-25', 49, 49, 7);
INSERT INTO `transaction` (`ID`, `date`, `user_id`, `book_id`, `nb_of_books`) VALUES (50, '1979-07-09', 50, 50, 4);
INSERT INTO `transaction` (`ID`, `date`, `user_id`, `book_id`, `nb_of_books`) VALUES (51, '1985-08-24', 51, 51, 5);
INSERT INTO `transaction` (`ID`, `date`, `user_id`, `book_id`, `nb_of_books`) VALUES (52, '2013-05-29', 52, 52, 5);
INSERT INTO `transaction` (`ID`, `date`, `user_id`, `book_id`, `nb_of_books`) VALUES (53, '1997-02-24', 53, 53, 1);
INSERT INTO `transaction` (`ID`, `date`, `user_id`, `book_id`, `nb_of_books`) VALUES (54, '1979-10-27', 54, 54, 7);
INSERT INTO `transaction` (`ID`, `date`, `user_id`, `book_id`, `nb_of_books`) VALUES (55, '1978-05-20', 55, 55, 2);
INSERT INTO `transaction` (`ID`, `date`, `user_id`, `book_id`, `nb_of_books`) VALUES (56, '1995-08-10', 56, 56, 8);
INSERT INTO `transaction` (`ID`, `date`, `user_id`, `book_id`, `nb_of_books`) VALUES (57, '2009-01-06', 57, 57, 5);
INSERT INTO `transaction` (`ID`, `date`, `user_id`, `book_id`, `nb_of_books`) VALUES (58, '1989-07-10', 58, 58, 4);
INSERT INTO `transaction` (`ID`, `date`, `user_id`, `book_id`, `nb_of_books`) VALUES (59, '1991-04-22', 59, 59, 8);
INSERT INTO `transaction` (`ID`, `date`, `user_id`, `book_id`, `nb_of_books`) VALUES (60, '2018-01-12', 60, 60, 1);
INSERT INTO `transaction` (`ID`, `date`, `user_id`, `book_id`, `nb_of_books`) VALUES (61, '2000-11-20', 61, 61, 4);
INSERT INTO `transaction` (`ID`, `date`, `user_id`, `book_id`, `nb_of_books`) VALUES (62, '2012-05-05', 62, 62, 10);
INSERT INTO `transaction` (`ID`, `date`, `user_id`, `book_id`, `nb_of_books`) VALUES (63, '2010-08-12', 63, 63, 9);
INSERT INTO `transaction` (`ID`, `date`, `user_id`, `book_id`, `nb_of_books`) VALUES (64, '1979-11-20', 64, 64, 3);
INSERT INTO `transaction` (`ID`, `date`, `user_id`, `book_id`, `nb_of_books`) VALUES (65, '2000-05-26', 65, 65, 3);
INSERT INTO `transaction` (`ID`, `date`, `user_id`, `book_id`, `nb_of_books`) VALUES (66, '2000-10-18', 66, 66, 8);
INSERT INTO `transaction` (`ID`, `date`, `user_id`, `book_id`, `nb_of_books`) VALUES (67, '2018-08-18', 67, 67, 9);
INSERT INTO `transaction` (`ID`, `date`, `user_id`, `book_id`, `nb_of_books`) VALUES (68, '2013-03-09', 68, 68, 7);
INSERT INTO `transaction` (`ID`, `date`, `user_id`, `book_id`, `nb_of_books`) VALUES (69, '2001-02-15', 69, 69, 2);
INSERT INTO `transaction` (`ID`, `date`, `user_id`, `book_id`, `nb_of_books`) VALUES (70, '1984-08-13', 70, 70, 8);
INSERT INTO `transaction` (`ID`, `date`, `user_id`, `book_id`, `nb_of_books`) VALUES (71, '2002-12-17', 71, 71, 1);
INSERT INTO `transaction` (`ID`, `date`, `user_id`, `book_id`, `nb_of_books`) VALUES (72, '2011-04-01', 72, 72, 8);
INSERT INTO `transaction` (`ID`, `date`, `user_id`, `book_id`, `nb_of_books`) VALUES (73, '1989-10-18', 73, 73, 7);
INSERT INTO `transaction` (`ID`, `date`, `user_id`, `book_id`, `nb_of_books`) VALUES (74, '2003-09-28', 74, 74, 9);
INSERT INTO `transaction` (`ID`, `date`, `user_id`, `book_id`, `nb_of_books`) VALUES (75, '1985-04-10', 75, 75, 10);
INSERT INTO `transaction` (`ID`, `date`, `user_id`, `book_id`, `nb_of_books`) VALUES (76, '1992-09-04', 76, 76, 9);
INSERT INTO `transaction` (`ID`, `date`, `user_id`, `book_id`, `nb_of_books`) VALUES (77, '1996-10-01', 77, 77, 6);
INSERT INTO `transaction` (`ID`, `date`, `user_id`, `book_id`, `nb_of_books`) VALUES (78, '2005-04-03', 78, 78, 1);
INSERT INTO `transaction` (`ID`, `date`, `user_id`, `book_id`, `nb_of_books`) VALUES (79, '2008-07-29', 79, 79, 6);
INSERT INTO `transaction` (`ID`, `date`, `user_id`, `book_id`, `nb_of_books`) VALUES (80, '2017-12-04', 80, 80, 3);
INSERT INTO `transaction` (`ID`, `date`, `user_id`, `book_id`, `nb_of_books`) VALUES (81, '2017-06-21', 81, 81, 7);
INSERT INTO `transaction` (`ID`, `date`, `user_id`, `book_id`, `nb_of_books`) VALUES (82, '1971-10-21', 82, 82, 10);
INSERT INTO `transaction` (`ID`, `date`, `user_id`, `book_id`, `nb_of_books`) VALUES (83, '1982-08-14', 83, 83, 10);
INSERT INTO `transaction` (`ID`, `date`, `user_id`, `book_id`, `nb_of_books`) VALUES (84, '1976-11-12', 84, 84, 4);
INSERT INTO `transaction` (`ID`, `date`, `user_id`, `book_id`, `nb_of_books`) VALUES (85, '2017-01-29', 85, 85, 4);
INSERT INTO `transaction` (`ID`, `date`, `user_id`, `book_id`, `nb_of_books`) VALUES (86, '1970-06-10', 86, 86, 8);
INSERT INTO `transaction` (`ID`, `date`, `user_id`, `book_id`, `nb_of_books`) VALUES (87, '2014-06-19', 87, 87, 9);
INSERT INTO `transaction` (`ID`, `date`, `user_id`, `book_id`, `nb_of_books`) VALUES (88, '1984-01-21', 88, 88, 8);
INSERT INTO `transaction` (`ID`, `date`, `user_id`, `book_id`, `nb_of_books`) VALUES (89, '2015-11-23', 89, 89, 8);
INSERT INTO `transaction` (`ID`, `date`, `user_id`, `book_id`, `nb_of_books`) VALUES (90, '1984-08-17', 90, 90, 6);
INSERT INTO `transaction` (`ID`, `date`, `user_id`, `book_id`, `nb_of_books`) VALUES (91, '1974-04-12', 91, 91, 1);
INSERT INTO `transaction` (`ID`, `date`, `user_id`, `book_id`, `nb_of_books`) VALUES (92, '1989-01-22', 92, 92, 3);
INSERT INTO `transaction` (`ID`, `date`, `user_id`, `book_id`, `nb_of_books`) VALUES (93, '2000-04-18', 93, 93, 8);
INSERT INTO `transaction` (`ID`, `date`, `user_id`, `book_id`, `nb_of_books`) VALUES (94, '1985-07-18', 94, 94, 8);
INSERT INTO `transaction` (`ID`, `date`, `user_id`, `book_id`, `nb_of_books`) VALUES (95, '1979-08-08', 95, 95, 9);
INSERT INTO `transaction` (`ID`, `date`, `user_id`, `book_id`, `nb_of_books`) VALUES (96, '1970-01-17', 96, 96, 9);
INSERT INTO `transaction` (`ID`, `date`, `user_id`, `book_id`, `nb_of_books`) VALUES (97, '2010-11-04', 97, 97, 10);
INSERT INTO `transaction` (`ID`, `date`, `user_id`, `book_id`, `nb_of_books`) VALUES (98, '2003-08-27', 98, 98, 4);
INSERT INTO `transaction` (`ID`, `date`, `user_id`, `book_id`, `nb_of_books`) VALUES (99, '2006-04-27', 99, 99, 4);
INSERT INTO `transaction` (`ID`, `date`, `user_id`, `book_id`, `nb_of_books`) VALUES (100, '1999-08-16', 100, 100, 8);
INSERT INTO `transaction` (`ID`, `date`, `user_id`, `book_id`, `nb_of_books`) VALUES (101, '2011-04-26', 1, 1, 3);
INSERT INTO `transaction` (`ID`, `date`, `user_id`, `book_id`, `nb_of_books`) VALUES (102, '1989-02-05', 2, 2, 7);
INSERT INTO `transaction` (`ID`, `date`, `user_id`, `book_id`, `nb_of_books`) VALUES (103, '1994-06-18', 3, 3, 1);
INSERT INTO `transaction` (`ID`, `date`, `user_id`, `book_id`, `nb_of_books`) VALUES (104, '2004-09-25', 4, 4, 7);
INSERT INTO `transaction` (`ID`, `date`, `user_id`, `book_id`, `nb_of_books`) VALUES (105, '1987-10-11', 5, 5, 1);
INSERT INTO `transaction` (`ID`, `date`, `user_id`, `book_id`, `nb_of_books`) VALUES (106, '1986-11-20', 6, 6, 8);
INSERT INTO `transaction` (`ID`, `date`, `user_id`, `book_id`, `nb_of_books`) VALUES (107, '2012-09-06', 7, 7, 4);
INSERT INTO `transaction` (`ID`, `date`, `user_id`, `book_id`, `nb_of_books`) VALUES (108, '1975-03-13', 8, 8, 6);
INSERT INTO `transaction` (`ID`, `date`, `user_id`, `book_id`, `nb_of_books`) VALUES (109, '1974-03-25', 9, 9, 7);
INSERT INTO `transaction` (`ID`, `date`, `user_id`, `book_id`, `nb_of_books`) VALUES (110, '2013-11-17', 10, 10, 2);
INSERT INTO `transaction` (`ID`, `date`, `user_id`, `book_id`, `nb_of_books`) VALUES (111, '1998-06-22', 11, 11, 3);
INSERT INTO `transaction` (`ID`, `date`, `user_id`, `book_id`, `nb_of_books`) VALUES (112, '1995-06-26', 12, 12, 5);
INSERT INTO `transaction` (`ID`, `date`, `user_id`, `book_id`, `nb_of_books`) VALUES (113, '2009-05-12', 13, 13, 8);
INSERT INTO `transaction` (`ID`, `date`, `user_id`, `book_id`, `nb_of_books`) VALUES (114, '2015-06-25', 14, 14, 7);
INSERT INTO `transaction` (`ID`, `date`, `user_id`, `book_id`, `nb_of_books`) VALUES (115, '2008-10-14', 15, 15, 9);
INSERT INTO `transaction` (`ID`, `date`, `user_id`, `book_id`, `nb_of_books`) VALUES (116, '2007-07-08', 16, 16, 10);
INSERT INTO `transaction` (`ID`, `date`, `user_id`, `book_id`, `nb_of_books`) VALUES (117, '2003-02-02', 17, 17, 3);
INSERT INTO `transaction` (`ID`, `date`, `user_id`, `book_id`, `nb_of_books`) VALUES (118, '2017-08-04', 18, 18, 9);
INSERT INTO `transaction` (`ID`, `date`, `user_id`, `book_id`, `nb_of_books`) VALUES (119, '2012-05-26', 19, 19, 6);
INSERT INTO `transaction` (`ID`, `date`, `user_id`, `book_id`, `nb_of_books`) VALUES (120, '1978-07-30', 20, 20, 2);
INSERT INTO `transaction` (`ID`, `date`, `user_id`, `book_id`, `nb_of_books`) VALUES (121, '1977-11-20', 21, 21, 4);
INSERT INTO `transaction` (`ID`, `date`, `user_id`, `book_id`, `nb_of_books`) VALUES (122, '1991-03-02', 22, 22, 4);
INSERT INTO `transaction` (`ID`, `date`, `user_id`, `book_id`, `nb_of_books`) VALUES (123, '1973-11-23', 23, 23, 4);
INSERT INTO `transaction` (`ID`, `date`, `user_id`, `book_id`, `nb_of_books`) VALUES (124, '1983-06-18', 24, 24, 8);
INSERT INTO `transaction` (`ID`, `date`, `user_id`, `book_id`, `nb_of_books`) VALUES (125, '2000-08-03', 25, 25, 8);
INSERT INTO `transaction` (`ID`, `date`, `user_id`, `book_id`, `nb_of_books`) VALUES (126, '1986-05-12', 26, 26, 6);
INSERT INTO `transaction` (`ID`, `date`, `user_id`, `book_id`, `nb_of_books`) VALUES (127, '2017-04-24', 27, 27, 8);
INSERT INTO `transaction` (`ID`, `date`, `user_id`, `book_id`, `nb_of_books`) VALUES (128, '1991-12-16', 28, 28, 5);
INSERT INTO `transaction` (`ID`, `date`, `user_id`, `book_id`, `nb_of_books`) VALUES (129, '2011-02-16', 29, 29, 8);
INSERT INTO `transaction` (`ID`, `date`, `user_id`, `book_id`, `nb_of_books`) VALUES (130, '1990-05-03', 30, 30, 10);
INSERT INTO `transaction` (`ID`, `date`, `user_id`, `book_id`, `nb_of_books`) VALUES (131, '1987-04-01', 31, 31, 9);
INSERT INTO `transaction` (`ID`, `date`, `user_id`, `book_id`, `nb_of_books`) VALUES (132, '1991-11-22', 32, 32, 8);
INSERT INTO `transaction` (`ID`, `date`, `user_id`, `book_id`, `nb_of_books`) VALUES (133, '1997-07-04', 33, 33, 7);
INSERT INTO `transaction` (`ID`, `date`, `user_id`, `book_id`, `nb_of_books`) VALUES (134, '2007-07-29', 34, 34, 8);
INSERT INTO `transaction` (`ID`, `date`, `user_id`, `book_id`, `nb_of_books`) VALUES (135, '2003-10-20', 35, 35, 6);
INSERT INTO `transaction` (`ID`, `date`, `user_id`, `book_id`, `nb_of_books`) VALUES (136, '1978-11-26', 36, 36, 7);
INSERT INTO `transaction` (`ID`, `date`, `user_id`, `book_id`, `nb_of_books`) VALUES (137, '1977-03-24', 37, 37, 2);
INSERT INTO `transaction` (`ID`, `date`, `user_id`, `book_id`, `nb_of_books`) VALUES (138, '1973-05-14', 38, 38, 10);
INSERT INTO `transaction` (`ID`, `date`, `user_id`, `book_id`, `nb_of_books`) VALUES (139, '1987-10-18', 39, 39, 4);
INSERT INTO `transaction` (`ID`, `date`, `user_id`, `book_id`, `nb_of_books`) VALUES (140, '1974-09-17', 40, 40, 9);
INSERT INTO `transaction` (`ID`, `date`, `user_id`, `book_id`, `nb_of_books`) VALUES (141, '1989-07-06', 41, 41, 1);
INSERT INTO `transaction` (`ID`, `date`, `user_id`, `book_id`, `nb_of_books`) VALUES (142, '1982-07-27', 42, 42, 5);
INSERT INTO `transaction` (`ID`, `date`, `user_id`, `book_id`, `nb_of_books`) VALUES (143, '1974-11-01', 43, 43, 9);
INSERT INTO `transaction` (`ID`, `date`, `user_id`, `book_id`, `nb_of_books`) VALUES (144, '2012-02-26', 44, 44, 2);
INSERT INTO `transaction` (`ID`, `date`, `user_id`, `book_id`, `nb_of_books`) VALUES (145, '2002-09-13', 45, 45, 4);
INSERT INTO `transaction` (`ID`, `date`, `user_id`, `book_id`, `nb_of_books`) VALUES (146, '1978-03-18', 46, 46, 8);
INSERT INTO `transaction` (`ID`, `date`, `user_id`, `book_id`, `nb_of_books`) VALUES (147, '1972-11-29', 47, 47, 7);
INSERT INTO `transaction` (`ID`, `date`, `user_id`, `book_id`, `nb_of_books`) VALUES (148, '2018-03-04', 48, 48, 1);
INSERT INTO `transaction` (`ID`, `date`, `user_id`, `book_id`, `nb_of_books`) VALUES (149, '2012-05-29', 49, 49, 4);
INSERT INTO `transaction` (`ID`, `date`, `user_id`, `book_id`, `nb_of_books`) VALUES (150, '2013-05-04', 50, 50, 9);
INSERT INTO `transaction` (`ID`, `date`, `user_id`, `book_id`, `nb_of_books`) VALUES (151, '2016-04-13', 51, 51, 7);
INSERT INTO `transaction` (`ID`, `date`, `user_id`, `book_id`, `nb_of_books`) VALUES (152, '1983-09-02', 52, 52, 9);
INSERT INTO `transaction` (`ID`, `date`, `user_id`, `book_id`, `nb_of_books`) VALUES (153, '1994-05-10', 53, 53, 10);
INSERT INTO `transaction` (`ID`, `date`, `user_id`, `book_id`, `nb_of_books`) VALUES (154, '1991-11-22', 54, 54, 6);
INSERT INTO `transaction` (`ID`, `date`, `user_id`, `book_id`, `nb_of_books`) VALUES (155, '1988-02-29', 55, 55, 10);
INSERT INTO `transaction` (`ID`, `date`, `user_id`, `book_id`, `nb_of_books`) VALUES (156, '1978-10-11', 56, 56, 1);
INSERT INTO `transaction` (`ID`, `date`, `user_id`, `book_id`, `nb_of_books`) VALUES (157, '1979-04-14', 57, 57, 9);
INSERT INTO `transaction` (`ID`, `date`, `user_id`, `book_id`, `nb_of_books`) VALUES (158, '2009-04-07', 58, 58, 7);
INSERT INTO `transaction` (`ID`, `date`, `user_id`, `book_id`, `nb_of_books`) VALUES (159, '1981-05-20', 59, 59, 2);
INSERT INTO `transaction` (`ID`, `date`, `user_id`, `book_id`, `nb_of_books`) VALUES (160, '1998-07-01', 60, 60, 1);
INSERT INTO `transaction` (`ID`, `date`, `user_id`, `book_id`, `nb_of_books`) VALUES (161, '1972-11-26', 61, 61, 3);
INSERT INTO `transaction` (`ID`, `date`, `user_id`, `book_id`, `nb_of_books`) VALUES (162, '2008-11-21', 62, 62, 8);
INSERT INTO `transaction` (`ID`, `date`, `user_id`, `book_id`, `nb_of_books`) VALUES (163, '1971-06-18', 63, 63, 1);
INSERT INTO `transaction` (`ID`, `date`, `user_id`, `book_id`, `nb_of_books`) VALUES (164, '1989-07-17', 64, 64, 5);
INSERT INTO `transaction` (`ID`, `date`, `user_id`, `book_id`, `nb_of_books`) VALUES (165, '1982-06-08', 65, 65, 10);
INSERT INTO `transaction` (`ID`, `date`, `user_id`, `book_id`, `nb_of_books`) VALUES (166, '1988-10-07', 66, 66, 4);
INSERT INTO `transaction` (`ID`, `date`, `user_id`, `book_id`, `nb_of_books`) VALUES (167, '2011-01-29', 67, 67, 6);
INSERT INTO `transaction` (`ID`, `date`, `user_id`, `book_id`, `nb_of_books`) VALUES (168, '1988-06-01', 68, 68, 2);
INSERT INTO `transaction` (`ID`, `date`, `user_id`, `book_id`, `nb_of_books`) VALUES (169, '1996-03-08', 69, 69, 4);
INSERT INTO `transaction` (`ID`, `date`, `user_id`, `book_id`, `nb_of_books`) VALUES (170, '1972-03-05', 70, 70, 5);
INSERT INTO `transaction` (`ID`, `date`, `user_id`, `book_id`, `nb_of_books`) VALUES (171, '2000-01-18', 71, 71, 8);
INSERT INTO `transaction` (`ID`, `date`, `user_id`, `book_id`, `nb_of_books`) VALUES (172, '2000-12-06', 72, 72, 5);
INSERT INTO `transaction` (`ID`, `date`, `user_id`, `book_id`, `nb_of_books`) VALUES (173, '1980-04-16', 73, 73, 6);
INSERT INTO `transaction` (`ID`, `date`, `user_id`, `book_id`, `nb_of_books`) VALUES (174, '1973-01-30', 74, 74, 8);
INSERT INTO `transaction` (`ID`, `date`, `user_id`, `book_id`, `nb_of_books`) VALUES (175, '1989-11-10', 75, 75, 6);
INSERT INTO `transaction` (`ID`, `date`, `user_id`, `book_id`, `nb_of_books`) VALUES (176, '1996-02-08', 76, 76, 7);
INSERT INTO `transaction` (`ID`, `date`, `user_id`, `book_id`, `nb_of_books`) VALUES (177, '1997-04-14', 77, 77, 6);
INSERT INTO `transaction` (`ID`, `date`, `user_id`, `book_id`, `nb_of_books`) VALUES (178, '2015-02-19', 78, 78, 4);
INSERT INTO `transaction` (`ID`, `date`, `user_id`, `book_id`, `nb_of_books`) VALUES (179, '1974-06-03', 79, 79, 7);
INSERT INTO `transaction` (`ID`, `date`, `user_id`, `book_id`, `nb_of_books`) VALUES (180, '2013-06-05', 80, 80, 3);
INSERT INTO `transaction` (`ID`, `date`, `user_id`, `book_id`, `nb_of_books`) VALUES (181, '2008-10-11', 81, 81, 2);
INSERT INTO `transaction` (`ID`, `date`, `user_id`, `book_id`, `nb_of_books`) VALUES (182, '1986-05-14', 82, 82, 5);
INSERT INTO `transaction` (`ID`, `date`, `user_id`, `book_id`, `nb_of_books`) VALUES (183, '2002-11-10', 83, 83, 6);
INSERT INTO `transaction` (`ID`, `date`, `user_id`, `book_id`, `nb_of_books`) VALUES (184, '1985-12-29', 84, 84, 10);
INSERT INTO `transaction` (`ID`, `date`, `user_id`, `book_id`, `nb_of_books`) VALUES (185, '1975-02-13', 85, 85, 9);
INSERT INTO `transaction` (`ID`, `date`, `user_id`, `book_id`, `nb_of_books`) VALUES (186, '1997-05-24', 86, 86, 10);
INSERT INTO `transaction` (`ID`, `date`, `user_id`, `book_id`, `nb_of_books`) VALUES (187, '1983-12-08', 87, 87, 4);
INSERT INTO `transaction` (`ID`, `date`, `user_id`, `book_id`, `nb_of_books`) VALUES (188, '1979-04-15', 88, 88, 1);
INSERT INTO `transaction` (`ID`, `date`, `user_id`, `book_id`, `nb_of_books`) VALUES (189, '1996-11-28', 89, 89, 4);
INSERT INTO `transaction` (`ID`, `date`, `user_id`, `book_id`, `nb_of_books`) VALUES (190, '1978-12-14', 90, 90, 4);
INSERT INTO `transaction` (`ID`, `date`, `user_id`, `book_id`, `nb_of_books`) VALUES (191, '1979-03-06', 91, 91, 7);
INSERT INTO `transaction` (`ID`, `date`, `user_id`, `book_id`, `nb_of_books`) VALUES (192, '2000-08-27', 92, 92, 8);
INSERT INTO `transaction` (`ID`, `date`, `user_id`, `book_id`, `nb_of_books`) VALUES (193, '2004-05-23', 93, 93, 7);
INSERT INTO `transaction` (`ID`, `date`, `user_id`, `book_id`, `nb_of_books`) VALUES (194, '1977-05-14', 94, 94, 7);
INSERT INTO `transaction` (`ID`, `date`, `user_id`, `book_id`, `nb_of_books`) VALUES (195, '2009-08-23', 95, 95, 5);
INSERT INTO `transaction` (`ID`, `date`, `user_id`, `book_id`, `nb_of_books`) VALUES (196, '2005-06-25', 96, 96, 4);
INSERT INTO `transaction` (`ID`, `date`, `user_id`, `book_id`, `nb_of_books`) VALUES (197, '1990-10-16', 97, 97, 3);
INSERT INTO `transaction` (`ID`, `date`, `user_id`, `book_id`, `nb_of_books`) VALUES (198, '2007-07-06', 98, 98, 3);
INSERT INTO `transaction` (`ID`, `date`, `user_id`, `book_id`, `nb_of_books`) VALUES (199, '1992-04-05', 99, 99, 6);
INSERT INTO `transaction` (`ID`, `date`, `user_id`, `book_id`, `nb_of_books`) VALUES (200, '1998-10-25', 100, 100, 2);


#
# TABLE STRUCTURE FOR: user
#

DROP TABLE IF EXISTS `user`;

CREATE TABLE `user` (
  `ID` int(11) NOT NULL AUTO_INCREMENT,
  `email` text NOT NULL,
  `password` text NOT NULL,
  `address` text NOT NULL,
  `username` varchar(20) NOT NULL,
  `name` text NOT NULL,
  PRIMARY KEY (`ID`)
) ENGINE=InnoDB AUTO_INCREMENT=101 DEFAULT CHARSET=latin1;

INSERT INTO `user` (`ID`, `email`, `password`, `address`, `username`, `name`) VALUES (1, 'callie.schmeler@example.org', 'bab3b6192ff53ae027bc5b87345956d5db6bef25', '11125 Breitenberg Course Apt. 310\nLake Adell, CA 55827', 'jonatan.murazik', 'minima');
INSERT INTO `user` (`ID`, `email`, `password`, `address`, `username`, `name`) VALUES (2, 'fgraham@example.com', '2bc9d930688004ff2d01fe2d690438093ea07c92', '862 Verner Manors Apt. 023\nSchaeferport, IA 70509-5119', 'forest01', 'est');
INSERT INTO `user` (`ID`, `email`, `password`, `address`, `username`, `name`) VALUES (3, 'javonte89@example.net', 'aa2dd7ed824ddfd6b75450a5697fc5c3c7214bca', '1596 Kuhic Parkway\nBoyerport, WV 18738-7880', 'celia50', 'non');
INSERT INTO `user` (`ID`, `email`, `password`, `address`, `username`, `name`) VALUES (4, 'lexi.schowalter@example.net', 'bd93860193d18858a3d2079eff989bfe25afd019', '26958 King Lodge\nNikolausville, IL 21793-3726', 'kovacek.kirsten', 'nihil');
INSERT INTO `user` (`ID`, `email`, `password`, `address`, `username`, `name`) VALUES (5, 'denesik.rossie@example.com', 'f0766339c438d266890dfed2390ceea0415480fa', '49055 Mason Ports\nLake Marcus, NJ 36306-4090', 'btreutel', 'ut');
INSERT INTO `user` (`ID`, `email`, `password`, `address`, `username`, `name`) VALUES (6, 'toney47@example.org', 'd7f448f40f4878fd2bf55391e8df48bdc2ba97e0', '46471 Sincere Gardens Suite 345\nPort Linwoodville, CT 57196', 'aryan', 'laboriosam');
INSERT INTO `user` (`ID`, `email`, `password`, `address`, `username`, `name`) VALUES (7, 'jenkins.delmer@example.org', '16aabb571aa444367dad75a4cdebe67ab7d13c8b', '0388 Skiles Islands\nLangworthfort, MA 86101-7545', 'ana.gaylord', 'qui');
INSERT INTO `user` (`ID`, `email`, `password`, `address`, `username`, `name`) VALUES (8, 'vdeckow@example.net', '3e0b9d2adc6f832635d22b83df16b855a2b7ffd0', '84005 Becker Extensions Apt. 988\nWest Omari, WY 83291-5614', 'viva.lynch', 'delectus');
INSERT INTO `user` (`ID`, `email`, `password`, `address`, `username`, `name`) VALUES (9, 'shakira.marks@example.com', '907af1be98328bef1283245e949e832b3e873dfe', '960 Ignatius Avenue\nThadmouth, AZ 37475-7241', 'marquise.flatley', 'rerum');
INSERT INTO `user` (`ID`, `email`, `password`, `address`, `username`, `name`) VALUES (10, 'eloisa07@example.net', '9a5747be26b4ac9b8177e57a22e0e6b815da4eb9', '903 Daija Roads Suite 354\nLake Mikel, AZ 17964', 'alisha.williamson', 'impedit');
INSERT INTO `user` (`ID`, `email`, `password`, `address`, `username`, `name`) VALUES (11, 'kuvalis.alverta@example.com', 'beb981a25f840c9391bda66645a00ad168e1af09', '102 Koch Club Apt. 060\nSouth Emoryburgh, MN 18948', 'damon.wyman', 'itaque');
INSERT INTO `user` (`ID`, `email`, `password`, `address`, `username`, `name`) VALUES (12, 'bdach@example.org', '6948c6b67040c6907ee4037ec0b1e34eedac02d4', '53895 Wilford Stream Apt. 860\nNew Kaleb, NV 25331', 'stanford.hayes', 'nihil');
INSERT INTO `user` (`ID`, `email`, `password`, `address`, `username`, `name`) VALUES (13, 'nborer@example.net', '6ed8b3f0c1af3418f22c0c437e687a86885a7bbf', '05581 Marvin Turnpike\nJasonmouth, ID 74109-2560', 'xgrady', 'quis');
INSERT INTO `user` (`ID`, `email`, `password`, `address`, `username`, `name`) VALUES (14, 'rosenbaum.jamal@example.net', '9938a9a96f21da04f18b54853e4489eba6367265', '01549 Ona Turnpike\nPort Jaquelineside, MO 07108-8913', 'maggie53', 'natus');
INSERT INTO `user` (`ID`, `email`, `password`, `address`, `username`, `name`) VALUES (15, 'flavie85@example.com', 'ccfd46cb1bf6431d25181484bc2cca23a19e9634', '47291 Cummings Falls\nJameybury, WV 24672-1269', 'boyd.kris', 'dolorem');
INSERT INTO `user` (`ID`, `email`, `password`, `address`, `username`, `name`) VALUES (16, 'hills.wilson@example.org', 'fc75b0838221d7b4ecbc4763dd84f489d3f7ec8a', '266 Dickinson Plaza Apt. 346\nNorth Terry, AK 10924-8481', 'meta22', 'est');
INSERT INTO `user` (`ID`, `email`, `password`, `address`, `username`, `name`) VALUES (17, 'uweber@example.com', 'ea621fbaaf63f30d9bcac8cc95e0b7655c8dce26', '9665 Minerva Points\nNew Adrienneborough, NE 61688-4119', 'bell42', 'repudiandae');
INSERT INTO `user` (`ID`, `email`, `password`, `address`, `username`, `name`) VALUES (18, 'ametz@example.com', '63b3d792153a6c6f9a90aaf5780f1ad2b583c369', '707 Ronny Center\nTessburgh, IA 43980', 'kory.predovic', 'atque');
INSERT INTO `user` (`ID`, `email`, `password`, `address`, `username`, `name`) VALUES (19, 'miller.colt@example.com', '396c1c2b7ec24dd630889eb714da38f0daa54b6c', '7358 Tremblay Fork\nKarsontown, CA 43993', 'jada95', 'nobis');
INSERT INTO `user` (`ID`, `email`, `password`, `address`, `username`, `name`) VALUES (20, 'walter.willis@example.org', 'f9651443d3967a39a7d5a8fb3237a54eb78bd323', '31907 Abel Alley\nDeonstad, SC 73056-7563', 'vern32', 'explicabo');
INSERT INTO `user` (`ID`, `email`, `password`, `address`, `username`, `name`) VALUES (21, 'anna66@example.net', 'd266fc37f8d88a481dd8b8590755a805e6dcb908', '2893 Schiller Circle Suite 919\nRicardostad, FL 77165-0116', 'balistreri.cydney', 'totam');
INSERT INTO `user` (`ID`, `email`, `password`, `address`, `username`, `name`) VALUES (22, 'tiara09@example.net', '77ffa68a8f284a5fa442b9cf32cc4aaaceb7c6ad', '397 Schaden Burgs Apt. 433\nBlandabury, UT 98592-2096', 'bbartoletti', 'ab');
INSERT INTO `user` (`ID`, `email`, `password`, `address`, `username`, `name`) VALUES (23, 'kreiger.alf@example.net', '951dfa3bf2dfccf3a7236ad31ac6f1ee0abd8fea', '4280 Providenci Heights\nKatharinaport, AR 67932', 'julien64', 'voluptatem');
INSERT INTO `user` (`ID`, `email`, `password`, `address`, `username`, `name`) VALUES (24, 'adriana.lind@example.org', '9922917b19a387ae12cdbdb593c76ba44a4ee4b1', '921 Morissette Shore\nJaydonland, NV 37004-1978', 'boyd42', 'non');
INSERT INTO `user` (`ID`, `email`, `password`, `address`, `username`, `name`) VALUES (25, 'lora05@example.net', '7eb01247045435de4ad8c592d43e380bdad649df', '06108 Franecki Ville\nRogahntown, OR 43509-4160', 'zakary34', 'dolores');
INSERT INTO `user` (`ID`, `email`, `password`, `address`, `username`, `name`) VALUES (26, 'aniyah.grant@example.com', '63612533073819f00ed40db37910c10f7505a068', '9638 Oren Parkways Apt. 764\nTrompshire, MN 63137', 'fwyman', 'at');
INSERT INTO `user` (`ID`, `email`, `password`, `address`, `username`, `name`) VALUES (27, 'srobel@example.net', 'dd1b12e8fdd7f208196ab9a41d2b534004c381f7', '003 Lorenza Island\nSouth Maurine, LA 38619-4036', 'casandra.gaylord', 'non');
INSERT INTO `user` (`ID`, `email`, `password`, `address`, `username`, `name`) VALUES (28, 'juana.barrows@example.net', 'cc330319258ab0dff0f98ad88c63f921e69c5d38', '99083 Wolf Vista\nCarlottaland, MT 08766', 'leilani.christiansen', 'omnis');
INSERT INTO `user` (`ID`, `email`, `password`, `address`, `username`, `name`) VALUES (29, 'iconnelly@example.org', '019cf983da9b82b3262db57bcd13ac9dc27b86ff', '3336 Rosario Dam Suite 454\nPort Cameron, AK 78308-4465', 'marcellus.sipes', 'corrupti');
INSERT INTO `user` (`ID`, `email`, `password`, `address`, `username`, `name`) VALUES (30, 'icronin@example.com', 'a493d62ac89ba7265b5182a555379a4151615614', '8923 Rempel Ford Apt. 320\nHectorshire, CO 26301-8428', 'rosanna.bode', 'et');
INSERT INTO `user` (`ID`, `email`, `password`, `address`, `username`, `name`) VALUES (31, 'romaguera.aleen@example.org', 'fcb08ef1e03d80fadaf2d348c83dc7155cdfeea5', '835 Sawayn Springs Suite 825\nWehnerbury, LA 14165', 'corbin.feil', 'quia');
INSERT INTO `user` (`ID`, `email`, `password`, `address`, `username`, `name`) VALUES (32, 'chilll@example.org', '8d09fc25b95c2195bc07bb76d2a283d39772cc9d', '575 Adelle Station Apt. 224\nPort Gusview, CO 74240', 'wbeatty', 'labore');
INSERT INTO `user` (`ID`, `email`, `password`, `address`, `username`, `name`) VALUES (33, 'harber.isidro@example.net', '4fa973cff0f0dd359b5adae5afde8eb42f432bd0', '290 Gerhard Mill\nDemarioville, MN 27277-1580', 'cletus85', 'eveniet');
INSERT INTO `user` (`ID`, `email`, `password`, `address`, `username`, `name`) VALUES (34, 'trudie.strosin@example.com', 'ec7b79f802f8cf6b97d06ffc69b18b29b412d81d', '27067 Corwin Glens\nPort Georgetteshire, KS 69539', 'schuppe.madelyn', 'ut');
INSERT INTO `user` (`ID`, `email`, `password`, `address`, `username`, `name`) VALUES (35, 'halvorson.deondre@example.net', 'a8097ebfb15912ee661ef7c57a6e0d98b04044cd', '640 Gutmann Summit\nMadelynnburgh, MI 22215-5425', 'maximus.heller', 'beatae');
INSERT INTO `user` (`ID`, `email`, `password`, `address`, `username`, `name`) VALUES (36, 'flarkin@example.com', 'a91327d9b86435b8c6939944d38aa6b17ce98c7d', '3295 Daniella Ways\nEast Jermaine, DC 08903', 'egutkowski', 'qui');
INSERT INTO `user` (`ID`, `email`, `password`, `address`, `username`, `name`) VALUES (37, 'creola.kirlin@example.net', 'cf47c087c2da2b40930b754046acc9e6a6ed2894', '958 Romaguera Villages Apt. 271\nNorth Rozellachester, ME 46609-0505', 'clementina47', 'reiciendis');
INSERT INTO `user` (`ID`, `email`, `password`, `address`, `username`, `name`) VALUES (38, 'alysha83@example.org', '7b90a9b816d80c45911b05db537ccc57f0b1ace7', '556 Maci Shoal\nHilllmouth, ND 34784', 'roger96', 'enim');
INSERT INTO `user` (`ID`, `email`, `password`, `address`, `username`, `name`) VALUES (39, 'jaunita.runolfsson@example.com', '8558c7d6c77338e118bacf1c7fce67ac995a6744', '339 Jena Hill Suite 671\nDickitown, NE 81045-3269', 'kurtis.spencer', 'vero');
INSERT INTO `user` (`ID`, `email`, `password`, `address`, `username`, `name`) VALUES (40, 'rheidenreich@example.net', 'd18781eb5f1e104f826a7f7ebff2ec76874a1e2d', '01386 Baumbach Shore Apt. 965\nMadieville, MT 85904-3306', 'kosinski', 'aperiam');
INSERT INTO `user` (`ID`, `email`, `password`, `address`, `username`, `name`) VALUES (41, 'kuhn.toney@example.net', '05f9c14a0f5202b1315326e355a2413c6af527e1', '42212 Cremin Parkway Suite 833\nKassulkeport, MT 72124', 'jast.alysha', 'itaque');
INSERT INTO `user` (`ID`, `email`, `password`, `address`, `username`, `name`) VALUES (42, 'krista13@example.net', '03fd07edaadfce3d3f966f4aa07c8879c19b831f', '24691 Durgan Ways\nPort Geneborough, PA 40496', 'narciso.dickens', 'rerum');
INSERT INTO `user` (`ID`, `email`, `password`, `address`, `username`, `name`) VALUES (43, 'judy.bernier@example.net', 'd909f944d532c7c70e10ef61b60e3c01da38148c', '06671 Jeff Summit\nEast Lexie, MA 49477', 'gottlieb.waylon', 'sed');
INSERT INTO `user` (`ID`, `email`, `password`, `address`, `username`, `name`) VALUES (44, 'julien44@example.net', 'd5ad9e8fae6495eb38ed37e541bd097cbb192f36', '311 Rosemarie Lakes Suite 505\nNorth Domingo, WY 86296', 'camron79', 'ut');
INSERT INTO `user` (`ID`, `email`, `password`, `address`, `username`, `name`) VALUES (45, 'johnson.rickie@example.net', '4715a5fe05337a6a59c8ed2e1c5724d3c7442320', '8880 Kohler Vista Suite 021\nNorth Arnaldotown, ID 44950-2361', 'maximus.weber', 'excepturi');
INSERT INTO `user` (`ID`, `email`, `password`, `address`, `username`, `name`) VALUES (46, 'okey91@example.org', '2b2d68688317e5d22e5b5008e1155dd4f7125d8e', '054 Sabina Streets\nNorth Anabelleland, VA 66864-6187', 'brekke.margaretta', 'voluptatem');
INSERT INTO `user` (`ID`, `email`, `password`, `address`, `username`, `name`) VALUES (47, 'clementine80@example.net', '35f972a46d3b13483eb2d3315ee6d5d90bcbce17', '83387 Emilia Mission\nPort Clement, MI 89511', 'sylvan61', 'voluptatum');
INSERT INTO `user` (`ID`, `email`, `password`, `address`, `username`, `name`) VALUES (48, 'nolan.kassulke@example.net', '4c7666adbef776a60d9fa82beb81b7fe0942b5c5', '0233 Barton Fords Apt. 764\nPort Jakaylaborough, MO 42393', 'demario.renner', 'commodi');
INSERT INTO `user` (`ID`, `email`, `password`, `address`, `username`, `name`) VALUES (49, 'fswift@example.net', 'f0cca5986cae3c02c97a7f7dcc06564d19ce0e83', '1416 Brakus Ways\nNorth Alfmouth, MN 22173', 'aleannon', 'eum');
INSERT INTO `user` (`ID`, `email`, `password`, `address`, `username`, `name`) VALUES (50, 'slowe@example.com', '32434f03b883530f991d44df8ca22cf2e1fc6334', '01863 Wilderman Gardens Apt. 930\nWest Rustymouth, IA 14391', 'mann.kattie', 'et');
INSERT INTO `user` (`ID`, `email`, `password`, `address`, `username`, `name`) VALUES (51, 'mo\'connell@example.com', 'c93e5a4af05fbd5bc3ba0191e7f0405b959bacae', '259 Merl Key Apt. 461\nPourosside, FL 94009', 'vito87', 'magnam');
INSERT INTO `user` (`ID`, `email`, `password`, `address`, `username`, `name`) VALUES (52, 'lupe93@example.com', '21b29d397213c6389b58441a999e53a5a17cc5cd', '7514 Janice Crescent\nEast Selena, NM 42209-4763', 'hoppe.cathrine', 'consequatur');
INSERT INTO `user` (`ID`, `email`, `password`, `address`, `username`, `name`) VALUES (53, 'schmeler.maddison@example.org', 'a56585d1ff0a0f50adcc06072dfe070cecf161b0', '738 Edgardo Glen\nSchultzmouth, KS 00892-2552', 'rutherford.cullen', 'et');
INSERT INTO `user` (`ID`, `email`, `password`, `address`, `username`, `name`) VALUES (54, 'leffler.francesco@example.org', '9d76ccd198e96532c398505f9b0ad5319d5f636d', '891 Ismael Ford Suite 687\nWest Noraport, ND 72995-9418', 'heather.becker', 'voluptas');
INSERT INTO `user` (`ID`, `email`, `password`, `address`, `username`, `name`) VALUES (55, 'cruz.hyatt@example.net', '66807b132ea6590791b8a8253f663cbe47963b71', '911 Schroeder Fields\nKiehnshire, OR 96379', 'howell.mae', 'illo');
INSERT INTO `user` (`ID`, `email`, `password`, `address`, `username`, `name`) VALUES (56, 'pagac.tessie@example.com', '8ce969866a16362a26d239486f1075abea5ed93a', '03500 Smith Highway Apt. 745\nNew Audrey, FL 83150', 'casper.raymundo', 'minus');
INSERT INTO `user` (`ID`, `email`, `password`, `address`, `username`, `name`) VALUES (57, 'rod01@example.net', '422f8cd70fb59d00b1c8fb2a13f31bcd5fb33983', '9076 Prosacco Lights\nArtfort, VT 97595', 'lucius.oberbrunner', 'nobis');
INSERT INTO `user` (`ID`, `email`, `password`, `address`, `username`, `name`) VALUES (58, 'wolf.colin@example.net', 'cdb6d034ac385616422be3e18a7151b4d0ee1a96', '510 Johns Dale Apt. 941\nLydastad, ND 66272', 'zcasper', 'voluptas');
INSERT INTO `user` (`ID`, `email`, `password`, `address`, `username`, `name`) VALUES (59, 'cturcotte@example.net', '86bad55d393bed57dfeba279fc65e065294ebfc4', '881 Lesly Club\nPricehaven, DC 67102', 'jalyn.johns', 'placeat');
INSERT INTO `user` (`ID`, `email`, `password`, `address`, `username`, `name`) VALUES (60, 'mann.roma@example.com', 'efd18873446050a49c6c619cfd2c7d82b9cc337c', '312 Ana Mountains\nMistybury, WY 95323', 'yolanda52', 'blanditiis');
INSERT INTO `user` (`ID`, `email`, `password`, `address`, `username`, `name`) VALUES (61, 'rau.velva@example.com', '5674d7f6d22ff4b093061b6422560314bd2a6fab', '265 Veum Corner\nHeaneyside, KS 48707-0414', 'selmer85', 'dolorem');
INSERT INTO `user` (`ID`, `email`, `password`, `address`, `username`, `name`) VALUES (62, 'brau@example.com', '5b5bb77a07a5ce5b4279f9c35db77bc745ad1106', '149 Hodkiewicz Shore Apt. 881\nSipesview, FL 81468', 'alaina59', 'facilis');
INSERT INTO `user` (`ID`, `email`, `password`, `address`, `username`, `name`) VALUES (63, 'moriah.kozey@example.com', 'fd7fa9c7ffaf1c1a3235e08d89781368efb9a08e', '713 Halvorson Summit Apt. 887\nNorth Alicia, NH 85515-6739', 'onie.beahan', 'minus');
INSERT INTO `user` (`ID`, `email`, `password`, `address`, `username`, `name`) VALUES (64, 'schoen.sabrina@example.org', '4bb1e5955bd26a99f298b1b72456517e82bf6499', '833 Gerhold Square Apt. 472\nPort Leilani, UT 80348', 'uwill', 'dolorem');
INSERT INTO `user` (`ID`, `email`, `password`, `address`, `username`, `name`) VALUES (65, 'rohan.jazmin@example.net', '8111e0a09814246d176035f79e1578f15313396a', '128 Monahan Forges\nNorth Rheatown, OH 59662-6983', 'rosenbaum.micaela', 'et');
INSERT INTO `user` (`ID`, `email`, `password`, `address`, `username`, `name`) VALUES (66, 'wolff.christopher@example.net', '90b2b8c1c6606fcbc5e4f72f6faf8ce6ab136e95', '8007 Hilpert Estates Apt. 861\nLake Tom, SC 27360', 'laron03', 'odit');
INSERT INTO `user` (`ID`, `email`, `password`, `address`, `username`, `name`) VALUES (67, 'alba.murray@example.org', '6606469d09952af38f37502b53dcc83d477d6934', '0495 Haag Skyway Suite 096\nJaydenhaven, PA 42937', 'jakubowski.deangelo', 'aliquam');
INSERT INTO `user` (`ID`, `email`, `password`, `address`, `username`, `name`) VALUES (68, 'mittie82@example.net', '757bfc26e78e5c8400b298ae589d156c595d7a09', '92981 Lowe Underpass Suite 133\nLake Maryjane, OK 26131', 'nelle44', 'soluta');
INSERT INTO `user` (`ID`, `email`, `password`, `address`, `username`, `name`) VALUES (69, 'hane.estel@example.com', '7ff023d7d140f42e368736f9fe4a7f14359f1e94', '3004 Aurelia Parks\nRogeliobury, RI 30564', 'stanton.tessie', 'quos');
INSERT INTO `user` (`ID`, `email`, `password`, `address`, `username`, `name`) VALUES (70, 'neha03@example.com', '2e27d726a879a56ce71b5494626e813b89edf380', '8779 Lind Meadow\nNitzscheberg, KY 04494', 'chaz04', 'alias');
INSERT INTO `user` (`ID`, `email`, `password`, `address`, `username`, `name`) VALUES (71, 'ereynolds@example.com', 'c292980e01eb243341472c9e02f4120f612ea1b6', '636 Auer Track\nWest Leonemouth, AR 09358-0611', 'mozelle.senger', 'facilis');
INSERT INTO `user` (`ID`, `email`, `password`, `address`, `username`, `name`) VALUES (72, 'windler.beatrice@example.org', '4815eb962f4193e5613f3ecc827199ccb5181362', '4403 Nella Gardens\nNorth Rhodastad, UT 27297', 'lupe12', 'voluptatem');
INSERT INTO `user` (`ID`, `email`, `password`, `address`, `username`, `name`) VALUES (73, 'mike92@example.net', '192f5d17e62cb3ea74612b2b5d5a9d82bd5c6dce', '7545 Schumm Corners Apt. 033\nZenaland, OR 94630', 'csanford', 'aut');
INSERT INTO `user` (`ID`, `email`, `password`, `address`, `username`, `name`) VALUES (74, 'traynor@example.com', '6669288cd7d45659ab2c96afbd24123e9f6e6cba', '3367 Leila Village\nSouth Adaline, SC 65569-2256', 'alisa83', 'dicta');
INSERT INTO `user` (`ID`, `email`, `password`, `address`, `username`, `name`) VALUES (75, 'zakary06@example.com', '4bd6da8be696409e18e2a5bae98a433979f24752', '890 Leanna Path\nNorth Dorian, ID 62205-3107', 'ebba43', 'non');
INSERT INTO `user` (`ID`, `email`, `password`, `address`, `username`, `name`) VALUES (76, 'dejon04@example.com', '311249d91f2aa5c602229a3d2d4ff284fb78df73', '169 Hills Ports\nWest Otiliafort, IL 52864-7196', 'heller.devante', 'incidunt');
INSERT INTO `user` (`ID`, `email`, `password`, `address`, `username`, `name`) VALUES (77, 'alexis.padberg@example.com', '02b1a193cea9499ea06f299fe29cf0506f17c92e', '1509 O\'Conner Isle Apt. 771\nErdmanbury, HI 91029', 'sherwood.friesen', 'vitae');
INSERT INTO `user` (`ID`, `email`, `password`, `address`, `username`, `name`) VALUES (78, 'fborer@example.net', '882f754ffdbd7c560f5e081d4f0ac48092ec122b', '0542 Hansen Plains\nJenkinsside, TX 80520-7840', 'kenya42', 'ut');
INSERT INTO `user` (`ID`, `email`, `password`, `address`, `username`, `name`) VALUES (79, 'reece17@example.org', 'f603d5f1ef0982cdb451e86327e783af7a7c77b4', '675 Predovic Passage\nNew Cathrine, MN 78240-0604', 'cristina14', 'et');
INSERT INTO `user` (`ID`, `email`, `password`, `address`, `username`, `name`) VALUES (80, 'hyatt.lina@example.org', '579d15f9a6647bf184c936bd0c7c30fffb2a14ab', '13225 Collier Course\nWest Carahaven, VA 36882', 'adonis80', 'velit');
INSERT INTO `user` (`ID`, `email`, `password`, `address`, `username`, `name`) VALUES (81, 'gregory.sipes@example.com', 'f42fec04daa85e3c5841d44eeefee47463992336', '909 Sauer Rue Suite 616\nEast Linaview, AR 76740-1409', 'wstehr', 'voluptas');
INSERT INTO `user` (`ID`, `email`, `password`, `address`, `username`, `name`) VALUES (82, 'bernadine90@example.org', '7c553b29c6ec80893d1b5dcbe6b1402c3a65ba5c', '594 Schoen Road Suite 343\nSouth Jocelyn, CA 86068-5632', 'marcelo.hartmann', 'ad');
INSERT INTO `user` (`ID`, `email`, `password`, `address`, `username`, `name`) VALUES (83, 'lisette64@example.com', '39ddde66e8abe27f92774b4bd8c237e07715e01b', '75080 Pacocha Lights Suite 566\nCierratown, ID 13689', 'dulce41', 'quas');
INSERT INTO `user` (`ID`, `email`, `password`, `address`, `username`, `name`) VALUES (84, 'conn.lonnie@example.org', 'b7d470a77edd6a3195803ded4ea0b7afac3aacfc', '67447 Marisol Glens Suite 204\nNew Edgar, WI 35424', 'ykautzer', 'qui');
INSERT INTO `user` (`ID`, `email`, `password`, `address`, `username`, `name`) VALUES (85, 'conrad.koepp@example.net', '4b2b29f8a481b45ae48b10705bacd9ca4a60a20b', '51202 Adams Mill\nPort Fernandoport, IL 46945-3723', 'fanny62', 'quam');
INSERT INTO `user` (`ID`, `email`, `password`, `address`, `username`, `name`) VALUES (86, 'dstroman@example.com', '7676c58cf69ac23b88fab19e0f101aae7a2b6b9d', '3864 Shields Pine\nSouth Nyasiaview, MD 70336-6537', 'kian20', 'reiciendis');
INSERT INTO `user` (`ID`, `email`, `password`, `address`, `username`, `name`) VALUES (87, 'efren89@example.net', 'a258c5ff40734c1e449d57cc4251c2ce3d1ff3fc', '2931 Flavio Fort Suite 414\nWisozkchester, TX 15694-9341', 'aufderhar.maxie', 'ut');
INSERT INTO `user` (`ID`, `email`, `password`, `address`, `username`, `name`) VALUES (88, 'maudie.ward@example.net', 'e50d1019c5d1598f2eaa2d83688562d45e03a903', '59947 Davonte Cape\nNikolaustown, HI 98083', 'becker.laurianne', 'officiis');
INSERT INTO `user` (`ID`, `email`, `password`, `address`, `username`, `name`) VALUES (89, 'cartwright.adelbert@example.org', 'e978e2778fc85fd87853499daccaeaf859f7ebae', '3741 Hermann Station Suite 725\nKasandrafort, AR 55227-0647', 'lemke.freeda', 'ducimus');
INSERT INTO `user` (`ID`, `email`, `password`, `address`, `username`, `name`) VALUES (90, 'asia.mayert@example.com', 'cb3142039498557a69c98b364d73d6bde3262ba7', '308 O\'Conner Lake Suite 748\nNorth Sallie, GA 50720-2293', 'nhamill', 'enim');
INSERT INTO `user` (`ID`, `email`, `password`, `address`, `username`, `name`) VALUES (91, 'rickey62@example.net', '98d33085ff48a30c37c9ee04803f05b04c5ac364', '646 Yost Plaza\nPort Griffin, RI 47705', 'feest.edmond', 'inventore');
INSERT INTO `user` (`ID`, `email`, `password`, `address`, `username`, `name`) VALUES (92, 'rau.destiny@example.net', '5f4f7ebf32dc226d2039e05e32bf19337ae9fd25', '4465 Walker Terrace Apt. 528\nPort Jaquelin, MS 91331', 'vrunolfsson', 'dicta');
INSERT INTO `user` (`ID`, `email`, `password`, `address`, `username`, `name`) VALUES (93, 'groob@example.com', 'dca477b080d56e359258d36be25007a5becba3f5', '3839 Howell Forks\nSouth Piper, MN 69417-8707', 'gleichner.kassandra', 'molestias');
INSERT INTO `user` (`ID`, `email`, `password`, `address`, `username`, `name`) VALUES (94, 'shanny39@example.com', '8092725424f7d55d845513ade3627fa00252eb48', '5940 Laurianne Groves Suite 792\nPort Jayceefurt, AL 21064', 'alysson.hilpert', 'quidem');
INSERT INTO `user` (`ID`, `email`, `password`, `address`, `username`, `name`) VALUES (95, 'jenifer.wiegand@example.org', '414a123f473429cb41d9b3abe8dc6fd8339c0731', '837 Tromp Garden\nLake Rusty, KS 11148-8181', 'wisoky.cecil', 'recusandae');
INSERT INTO `user` (`ID`, `email`, `password`, `address`, `username`, `name`) VALUES (96, 'bahringer.alanis@example.com', '1850436657611e8e9fe859113e8f0970ef2b6e92', '637 Davis Turnpike\nKutchstad, NM 13757', 'xkerluke', 'qui');
INSERT INTO `user` (`ID`, `email`, `password`, `address`, `username`, `name`) VALUES (97, 'icorwin@example.org', 'dc8d1afe82955d12dc0a875140c1eb11fa59dc15', '00625 Rowe Village Apt. 616\nNorth Gwen, AZ 63608-4943', 'weissnat.emelie', 'officiis');
INSERT INTO `user` (`ID`, `email`, `password`, `address`, `username`, `name`) VALUES (98, 'gust85@example.org', 'a6d4acb0ec637082bc2d9042cf34e4f86cfc2ddf', '74176 Graham Forges\nFernandoberg, MI 05367-2625', 'angelica50', 'cupiditate');
INSERT INTO `user` (`ID`, `email`, `password`, `address`, `username`, `name`) VALUES (99, 'gorczany.lea@example.org', 'a48e6dd8b23459e62ded6bde1b0c22fb6fc109f4', '984 Uriel Rest Suite 903\nFaybury, WV 76142-5679', 'kellie33', 'unde');
INSERT INTO `user` (`ID`, `email`, `password`, `address`, `username`, `name`) VALUES (100, 'adelia.morissette@example.com', '9bf9d0dd7bd4168158334cb39072f0c030159c8e', '189 Zieme Knolls\nShieldsbury, DE 64088', 'durgan.nathaniel', 'beatae');


